date,resource_id,service,actual_cost,amortized_cost,usage_quantity,currency
2026-01-01,ecs-prod-web-01,ECS,20.9374,20.9374,63.240,USD
2026-01-01,ecs-prod-web-02,ECS,17.3301,17.0702,52.020,USD
2026-01-01,cce-prod-node-a,CCE_NODE,24.2655,23.9015,75.480,USD
2026-01-01,cce-prod-node-b,CCE_NODE,24.9331,24.5591,75.480,USD
2026-01-01,ecs-dev-sandbox-01,ECS,7.0792,7.0792,21.420,USD
2026-01-01,ecs-qa-legacy-01,ECS,6.1231,6.1231,18.870,USD
2026-01-01,rds-orders-prod,RDS,22.9565,22.9565,70.380,USD
2026-01-01,rds-analytics-prod,RDS,17.4005,17.1395,53.040,USD
2026-01-01,evs-orphan-001,EVS,3.1544,3.1544,9.792,USD
2026-01-01,eip-unbound-001,EIP,1.2748,1.2748,3.876,USD
2026-01-01,obs-platform-logs,OBS,9.2156,9.2156,28.050,USD
2026-01-01,elb-legacy-001,ELB,2.7818,2.7818,8.364,USD
2026-01-01,ecs-ml-prod-01,ECS,15.0191,15.0191,46.920,USD
2026-01-01,cce-dev-node-01,CCE_NODE,11.0661,11.0661,33.660,USD
2026-01-01,ecs-unallocated-01,ECS,4.6190,4.6190,14.790,USD
2026-01-02,ecs-prod-web-01,ECS,20.0757,20.0757,63.240,USD
2026-01-02,ecs-prod-web-02,ECS,16.5338,16.2858,52.020,USD
2026-01-02,cce-prod-node-a,CCE_NODE,23.8191,23.4618,75.480,USD
2026-01-02,cce-prod-node-b,CCE_NODE,23.8968,23.5383,75.480,USD
2026-01-02,ecs-dev-sandbox-01,ECS,6.9330,6.9330,21.420,USD
2026-01-02,ecs-qa-legacy-01,ECS,6.1889,6.1889,18.870,USD
2026-01-02,rds-orders-prod,RDS,22.0735,22.0735,70.380,USD
2026-01-02,rds-analytics-prod,RDS,16.8598,16.6069,53.040,USD
2026-01-02,evs-orphan-001,EVS,3.0815,3.0815,9.792,USD
2026-01-02,eip-unbound-001,EIP,1.2150,1.2150,3.876,USD
2026-01-02,obs-platform-logs,OBS,8.9191,8.9191,28.050,USD
2026-01-02,elb-legacy-001,ELB,2.6298,2.6298,8.364,USD
2026-01-02,ecs-ml-prod-01,ECS,15.3325,15.3325,46.920,USD
2026-01-02,cce-dev-node-01,CCE_NODE,10.6478,10.6478,33.660,USD
2026-01-02,ecs-unallocated-01,ECS,4.7729,4.7729,14.790,USD
2026-01-03,ecs-prod-web-01,ECS,18.5022,18.5022,58.900,USD
2026-01-03,ecs-prod-web-02,ECS,15.7175,15.4818,48.450,USD
2026-01-03,cce-prod-node-a,CCE_NODE,22.5404,22.2023,70.300,USD
2026-01-03,cce-prod-node-b,CCE_NODE,22.1024,21.7709,70.300,USD
2026-01-03,ecs-dev-sandbox-01,ECS,6.3251,6.3251,19.950,USD
2026-01-03,ecs-qa-legacy-01,ECS,5.4872,5.4872,17.575,USD
2026-01-03,rds-orders-prod,RDS,21.3480,21.3480,65.550,USD
2026-01-03,rds-analytics-prod,RDS,16.0924,15.8510,49.400,USD
2026-01-03,evs-orphan-001,EVS,3.0389,3.0389,9.120,USD
2026-01-03,eip-unbound-001,EIP,1.2029,1.2029,3.610,USD
2026-01-03,obs-platform-logs,OBS,8.3402,8.3402,26.125,USD
2026-01-03,elb-legacy-001,ELB,2.5350,2.5350,7.790,USD
2026-01-03,ecs-ml-prod-01,ECS,14.0396,14.0396,43.700,USD
2026-01-03,cce-dev-node-01,CCE_NODE,10.1452,10.1452,31.350,USD
2026-01-03,ecs-unallocated-01,ECS,4.3238,4.3238,13.775,USD
2026-01-04,ecs-prod-web-01,ECS,19.3497,19.3497,58.900,USD
2026-01-04,ecs-prod-web-02,ECS,15.9115,15.6728,48.450,USD
2026-01-04,cce-prod-node-a,CCE_NODE,22.4271,22.0907,70.300,USD
2026-01-04,cce-prod-node-b,CCE_NODE,22.9893,22.6445,70.300,USD
2026-01-04,ecs-dev-sandbox-01,ECS,6.2992,6.2992,19.950,USD
2026-01-04,ecs-qa-legacy-01,ECS,5.4909,5.4909,17.575,USD
2026-01-04,rds-orders-prod,RDS,21.1638,21.1638,65.550,USD
2026-01-04,rds-analytics-prod,RDS,15.9325,15.6935,49.400,USD
2026-01-04,evs-orphan-001,EVS,2.9678,2.9678,9.120,USD
2026-01-04,eip-unbound-001,EIP,1.1968,1.1968,3.610,USD
2026-01-04,obs-platform-logs,OBS,8.6301,8.6301,26.125,USD
2026-01-04,elb-legacy-001,ELB,2.4712,2.4712,7.790,USD
2026-01-04,ecs-ml-prod-01,ECS,13.7106,13.7106,43.700,USD
2026-01-04,cce-dev-node-01,CCE_NODE,9.9647,9.9647,31.350,USD
2026-01-04,ecs-unallocated-01,ECS,4.4558,4.4558,13.775,USD
2026-01-05,ecs-prod-web-01,ECS,19.9506,19.9506,63.240,USD
2026-01-05,ecs-prod-web-02,ECS,17.0590,16.8032,52.020,USD
2026-01-05,cce-prod-node-a,CCE_NODE,24.6387,24.2692,75.480,USD
2026-01-05,cce-prod-node-b,CCE_NODE,24.9153,24.5415,75.480,USD
2026-01-05,ecs-dev-sandbox-01,ECS,6.9448,6.9448,21.420,USD
2026-01-05,ecs-qa-legacy-01,ECS,6.0281,6.0281,18.870,USD
2026-01-05,rds-orders-prod,RDS,22.2906,22.2906,70.380,USD
2026-01-05,rds-analytics-prod,RDS,16.5550,16.3067,53.040,USD
2026-01-05,evs-orphan-001,EVS,3.1494,3.1494,9.792,USD
2026-01-05,eip-unbound-001,EIP,1.2787,1.2787,3.876,USD
2026-01-05,obs-platform-logs,OBS,9.0061,9.0061,28.050,USD
2026-01-05,elb-legacy-001,ELB,2.7350,2.7350,8.364,USD
2026-01-05,ecs-ml-prod-01,ECS,15.4633,15.4633,46.920,USD
2026-01-05,cce-dev-node-01,CCE_NODE,10.6023,10.6023,33.660,USD
2026-01-05,ecs-unallocated-01,ECS,4.9163,4.9163,14.790,USD
2026-01-06,ecs-prod-web-01,ECS,20.2882,20.2882,63.240,USD
2026-01-06,ecs-prod-web-02,ECS,16.3456,16.1004,52.020,USD
2026-01-06,cce-prod-node-a,CCE_NODE,24.6620,24.2921,75.480,USD
2026-01-06,cce-prod-node-b,CCE_NODE,24.8466,24.4739,75.480,USD
2026-01-06,ecs-dev-sandbox-01,ECS,6.6775,6.6775,21.420,USD
2026-01-06,ecs-qa-legacy-01,ECS,6.2351,6.2351,18.870,USD
2026-01-06,rds-orders-prod,RDS,22.7440,22.7440,70.380,USD
2026-01-06,rds-analytics-prod,RDS,16.9532,16.6989,53.040,USD
2026-01-06,evs-orphan-001,EVS,3.0683,3.0683,9.792,USD
2026-01-06,eip-unbound-001,EIP,1.2203,1.2203,3.876,USD
2026-01-06,obs-platform-logs,OBS,9.3014,9.3014,28.050,USD
2026-01-06,elb-legacy-001,ELB,2.6412,2.6412,8.364,USD
2026-01-06,ecs-ml-prod-01,ECS,15.6075,15.6075,46.920,USD
2026-01-06,cce-dev-node-01,CCE_NODE,10.8891,10.8891,33.660,USD
2026-01-06,ecs-unallocated-01,ECS,4.7823,4.7823,14.790,USD
2026-01-07,ecs-prod-web-01,ECS,21.0264,21.0264,63.240,USD
2026-01-07,ecs-prod-web-02,ECS,16.9104,16.6567,52.020,USD
2026-01-07,cce-prod-node-a,CCE_NODE,23.9610,23.6016,75.480,USD
2026-01-07,cce-prod-node-b,CCE_NODE,24.8021,24.4301,75.480,USD
2026-01-07,ecs-dev-sandbox-01,ECS,6.7790,6.7790,21.420,USD
2026-01-07,ecs-qa-legacy-01,ECS,6.1595,6.1595,18.870,USD
2026-01-07,rds-orders-prod,RDS,22.5186,22.5186,70.380,USD
2026-01-07,rds-analytics-prod,RDS,17.2411,16.9825,53.040,USD
2026-01-07,evs-orphan-001,EVS,3.2332,3.2332,9.792,USD
2026-01-07,eip-unbound-001,EIP,1.2233,1.2233,3.876,USD
2026-01-07,obs-platform-logs,OBS,9.1157,9.1157,28.050,USD
2026-01-07,elb-legacy-001,ELB,2.6711,2.6711,8.364,USD
2026-01-07,ecs-ml-prod-01,ECS,15.6087,15.6087,46.920,USD
2026-01-07,cce-dev-node-01,CCE_NODE,10.8359,10.8359,33.660,USD
2026-01-07,ecs-unallocated-01,ECS,4.6849,4.6849,14.790,USD
2026-01-08,ecs-prod-web-01,ECS,20.1694,20.1694,63.240,USD
2026-01-08,ecs-prod-web-02,ECS,16.6011,16.3520,52.020,USD
2026-01-08,cce-prod-node-a,CCE_NODE,24.9606,24.5862,75.480,USD
2026-01-08,cce-prod-node-b,CCE_NODE,24.1791,23.8164,75.480,USD
2026-01-08,ecs-dev-sandbox-01,ECS,7.1009,7.1009,21.420,USD
2026-01-08,ecs-qa-legacy-01,ECS,5.9968,5.9968,18.870,USD
2026-01-08,rds-orders-prod,RDS,22.3269,22.3269,70.380,USD
2026-01-08,rds-analytics-prod,RDS,17.3552,17.0948,53.040,USD
2026-01-08,evs-orphan-001,EVS,3.1116,3.1116,9.792,USD
2026-01-08,eip-unbound-001,EIP,1.2712,1.2712,3.876,USD
2026-01-08,obs-platform-logs,OBS,9.3028,9.3028,28.050,USD
2026-01-08,elb-legacy-001,ELB,2.6425,2.6425,8.364,USD
2026-01-08,ecs-ml-prod-01,ECS,15.2046,15.2046,46.920,USD
2026-01-08,cce-dev-node-01,CCE_NODE,10.8518,10.8518,33.660,USD
2026-01-08,ecs-unallocated-01,ECS,4.6062,4.6062,14.790,USD
2026-01-09,ecs-prod-web-01,ECS,20.6316,20.6316,63.240,USD
2026-01-09,ecs-prod-web-02,ECS,16.7430,16.4919,52.020,USD
2026-01-09,cce-prod-node-a,CCE_NODE,23.5046,23.1521,75.480,USD
2026-01-09,cce-prod-node-b,CCE_NODE,23.6440,23.2893,75.480,USD
2026-01-09,ecs-dev-sandbox-01,ECS,6.9079,6.9079,21.420,USD
2026-01-09,ecs-qa-legacy-01,ECS,6.2445,6.2445,18.870,USD
2026-01-09,rds-orders-prod,RDS,23.2725,23.2725,70.380,USD
2026-01-09,rds-analytics-prod,RDS,16.6626,16.4127,53.040,USD
2026-01-09,evs-orphan-001,EVS,3.1767,3.1767,9.792,USD
2026-01-09,eip-unbound-001,EIP,1.2276,1.2276,3.876,USD
2026-01-09,obs-platform-logs,OBS,8.9840,8.9840,28.050,USD
2026-01-09,elb-legacy-001,ELB,2.6208,2.6208,8.364,USD
2026-01-09,ecs-ml-prod-01,ECS,15.6014,15.6014,46.920,USD
2026-01-09,cce-dev-node-01,CCE_NODE,10.7025,10.7025,33.660,USD
2026-01-09,ecs-unallocated-01,ECS,4.6501,4.6501,14.790,USD
2026-01-10,ecs-prod-web-01,ECS,19.4472,19.4472,58.900,USD
2026-01-10,ecs-prod-web-02,ECS,15.9784,15.7387,48.450,USD
2026-01-10,cce-prod-node-a,CCE_NODE,23.3873,23.0365,70.300,USD
2026-01-10,cce-prod-node-b,CCE_NODE,23.1628,22.8154,70.300,USD
2026-01-10,ecs-dev-sandbox-01,ECS,6.3166,6.3166,19.950,USD
2026-01-10,ecs-qa-legacy-01,ECS,5.6575,5.6575,17.575,USD
2026-01-10,rds-orders-prod,RDS,21.6915,21.6915,65.550,USD
2026-01-10,rds-analytics-prod,RDS,15.4657,15.2337,49.400,USD
2026-01-10,evs-orphan-001,EVS,2.9831,2.9831,9.120,USD
2026-01-10,eip-unbound-001,EIP,1.1317,1.1317,3.610,USD
2026-01-10,obs-platform-logs,OBS,8.2318,8.2318,26.125,USD
2026-01-10,elb-legacy-001,ELB,2.5484,2.5484,7.790,USD
2026-01-10,ecs-ml-prod-01,ECS,14.3675,14.3675,43.700,USD
2026-01-10,cce-dev-node-01,CCE_NODE,10.0715,10.0715,31.350,USD
2026-01-10,ecs-unallocated-01,ECS,4.5762,4.5762,13.775,USD
2026-01-11,ecs-prod-web-01,ECS,18.7874,18.7874,58.900,USD
2026-01-11,ecs-prod-web-02,ECS,15.4437,15.2120,48.450,USD
2026-01-11,cce-prod-node-a,CCE_NODE,22.5621,22.2237,70.300,USD
2026-01-11,cce-prod-node-b,CCE_NODE,22.8679,22.5249,70.300,USD
2026-01-11,ecs-dev-sandbox-01,ECS,6.4940,6.4940,19.950,USD
2026-01-11,ecs-qa-legacy-01,ECS,5.6180,5.6180,17.575,USD
2026-01-11,rds-orders-prod,RDS,20.8339,20.8339,65.550,USD
2026-01-11,rds-analytics-prod,RDS,16.1800,15.9373,49.400,USD
2026-01-11,evs-orphan-001,EVS,2.8497,2.8497,9.120,USD
2026-01-11,eip-unbound-001,EIP,1.1546,1.1546,3.610,USD
2026-01-11,obs-platform-logs,OBS,8.2672,8.2672,26.125,USD
2026-01-11,elb-legacy-001,ELB,2.5415,2.5415,7.790,USD
2026-01-11,ecs-ml-prod-01,ECS,13.9507,13.9507,43.700,USD
2026-01-11,cce-dev-node-01,CCE_NODE,10.4157,10.4157,31.350,USD
2026-01-11,ecs-unallocated-01,ECS,4.5037,4.5037,13.775,USD
2026-01-12,ecs-prod-web-01,ECS,21.0017,21.0017,63.240,USD
2026-01-12,ecs-prod-web-02,ECS,16.3233,16.0784,52.020,USD
2026-01-12,cce-prod-node-a,CCE_NODE,24.0171,23.6568,75.480,USD
2026-01-12,cce-prod-node-b,CCE_NODE,23.8402,23.4826,75.480,USD
2026-01-12,ecs-dev-sandbox-01,ECS,7.1366,7.1366,21.420,USD
2026-01-12,ecs-qa-legacy-01,ECS,5.9079,5.9079,18.870,USD
2026-01-12,rds-orders-prod,RDS,23.2910,23.2910,70.380,USD
2026-01-12,rds-analytics-prod,RDS,16.5609,16.3124,53.040,USD
2026-01-12,evs-orphan-001,EVS,3.0517,3.0517,9.792,USD
2026-01-12,eip-unbound-001,EIP,1.2362,1.2362,3.876,USD
2026-01-12,obs-platform-logs,OBS,9.1477,9.1477,28.050,USD
2026-01-12,elb-legacy-001,ELB,2.6733,2.6733,8.364,USD
2026-01-12,ecs-ml-prod-01,ECS,15.5433,15.5433,46.920,USD
2026-01-12,cce-dev-node-01,CCE_NODE,10.8017,10.8017,33.660,USD
2026-01-12,ecs-unallocated-01,ECS,4.8211,4.8211,14.790,USD
2026-01-13,ecs-prod-web-01,ECS,20.8951,20.8951,63.240,USD
2026-01-13,ecs-prod-web-02,ECS,17.3032,17.0436,52.020,USD
2026-01-13,cce-prod-node-a,CCE_NODE,25.1750,24.7973,75.480,USD
2026-01-13,cce-prod-node-b,CCE_NODE,24.7064,24.3358,75.480,USD
2026-01-13,ecs-dev-sandbox-01,ECS,7.1456,7.1456,21.420,USD
2026-01-13,ecs-qa-legacy-01,ECS,5.9636,5.9636,18.870,USD
2026-01-13,rds-orders-prod,RDS,23.4759,23.4759,70.380,USD
2026-01-13,rds-analytics-prod,RDS,16.7588,16.5074,53.040,USD
2026-01-13,evs-orphan-001,EVS,3.1150,3.1150,9.792,USD
2026-01-13,eip-unbound-001,EIP,1.2071,1.2071,3.876,USD
2026-01-13,obs-platform-logs,OBS,8.8441,8.8441,28.050,USD
2026-01-13,elb-legacy-001,ELB,2.7301,2.7301,8.364,USD
2026-01-13,ecs-ml-prod-01,ECS,15.3020,15.3020,46.920,USD
2026-01-13,cce-dev-node-01,CCE_NODE,11.1538,11.1538,33.660,USD
2026-01-13,ecs-unallocated-01,ECS,4.7956,4.7956,14.790,USD
2026-01-14,ecs-prod-web-01,ECS,20.4906,20.4906,63.240,USD
2026-01-14,ecs-prod-web-02,ECS,16.6941,16.4437,52.020,USD
2026-01-14,cce-prod-node-a,CCE_NODE,23.6546,23.2998,75.480,USD
2026-01-14,cce-prod-node-b,CCE_NODE,24.6795,24.3093,75.480,USD
2026-01-14,ecs-dev-sandbox-01,ECS,6.8547,6.8547,21.420,USD
2026-01-14,ecs-qa-legacy-01,ECS,6.1106,6.1106,18.870,USD
2026-01-14,rds-orders-prod,RDS,22.9990,22.9990,70.380,USD
2026-01-14,rds-analytics-prod,RDS,17.0914,16.8350,53.040,USD
2026-01-14,evs-orphan-001,EVS,3.1874,3.1874,9.792,USD
2026-01-14,eip-unbound-001,EIP,1.2713,1.2713,3.876,USD
2026-01-14,obs-platform-logs,OBS,8.9429,8.9429,28.050,USD
2026-01-14,elb-legacy-001,ELB,2.6869,2.6869,8.364,USD
2026-01-14,ecs-ml-prod-01,ECS,15.1151,15.1151,46.920,USD
2026-01-14,cce-dev-node-01,CCE_NODE,10.6725,10.6725,33.660,USD
2026-01-14,ecs-unallocated-01,ECS,4.8057,4.8057,14.790,USD
2026-01-15,ecs-prod-web-01,ECS,20.9442,20.9442,63.240,USD
2026-01-15,ecs-prod-web-02,ECS,16.5050,16.2574,52.020,USD
2026-01-15,cce-prod-node-a,CCE_NODE,25.0652,24.6892,75.480,USD
2026-01-15,cce-prod-node-b,CCE_NODE,24.7599,24.3885,75.480,USD
2026-01-15,ecs-dev-sandbox-01,ECS,6.8063,6.8063,21.420,USD
2026-01-15,ecs-qa-legacy-01,ECS,6.1609,6.1609,18.870,USD
2026-01-15,rds-orders-prod,RDS,23.3441,23.3441,70.380,USD
2026-01-15,rds-analytics-prod,RDS,16.7741,16.5225,53.040,USD
2026-01-15,evs-orphan-001,EVS,3.1846,3.1846,9.792,USD
2026-01-15,eip-unbound-001,EIP,1.2656,1.2656,3.876,USD
2026-01-15,obs-platform-logs,OBS,9.0608,9.0608,28.050,USD
2026-01-15,elb-legacy-001,ELB,2.6766,2.6766,8.364,USD
2026-01-15,ecs-ml-prod-01,ECS,15.3222,15.3222,46.920,USD
2026-01-15,cce-dev-node-01,CCE_NODE,10.6026,10.6026,33.660,USD
2026-01-15,ecs-unallocated-01,ECS,4.9088,4.9088,14.790,USD
2026-01-16,ecs-prod-web-01,ECS,19.7417,19.7417,63.240,USD
2026-01-16,ecs-prod-web-02,ECS,17.3309,17.0709,52.020,USD
2026-01-16,cce-prod-node-a,CCE_NODE,24.3593,23.9939,75.480,USD
2026-01-16,cce-prod-node-b,CCE_NODE,24.4026,24.0366,75.480,USD
2026-01-16,ecs-dev-sandbox-01,ECS,7.0920,7.0920,21.420,USD
2026-01-16,ecs-qa-legacy-01,ECS,6.2180,6.2180,18.870,USD
2026-01-16,rds-orders-prod,RDS,23.4032,23.4032,70.380,USD
2026-01-16,rds-analytics-prod,RDS,16.7587,16.5073,53.040,USD
2026-01-16,evs-orphan-001,EVS,3.1945,3.1945,9.792,USD
2026-01-16,eip-unbound-001,EIP,1.2307,1.2307,3.876,USD
2026-01-16,obs-platform-logs,OBS,9.2269,9.2269,28.050,USD
2026-01-16,elb-legacy-001,ELB,2.7130,2.7130,8.364,USD
2026-01-16,ecs-ml-prod-01,ECS,15.4000,15.4000,46.920,USD
2026-01-16,cce-dev-node-01,CCE_NODE,11.2292,11.2292,33.660,USD
2026-01-16,ecs-unallocated-01,ECS,4.8625,4.8625,14.790,USD
2026-01-17,ecs-prod-web-01,ECS,19.1241,19.1241,58.900,USD
2026-01-17,ecs-prod-web-02,ECS,15.5417,15.3086,48.450,USD
2026-01-17,cce-prod-node-a,CCE_NODE,22.5047,22.1671,70.300,USD
2026-01-17,cce-prod-node-b,CCE_NODE,23.0343,22.6888,70.300,USD
2026-01-17,ecs-dev-sandbox-01,ECS,6.4753,6.4753,19.950,USD
2026-01-17,ecs-qa-legacy-01,ECS,5.7984,5.7984,17.575,USD
2026-01-17,rds-orders-prod,RDS,20.4475,20.4475,65.550,USD
2026-01-17,rds-analytics-prod,RDS,15.9066,15.6680,49.400,USD
2026-01-17,evs-orphan-001,EVS,2.9504,2.9504,9.120,USD
2026-01-17,eip-unbound-001,EIP,1.1966,1.1966,3.610,USD
2026-01-17,obs-platform-logs,OBS,8.7102,8.7102,26.125,USD
2026-01-17,elb-legacy-001,ELB,2.5349,2.5349,7.790,USD
2026-01-17,ecs-ml-prod-01,ECS,14.2090,14.2090,43.700,USD
2026-01-17,cce-dev-node-01,CCE_NODE,10.4633,10.4633,31.350,USD
2026-01-17,ecs-unallocated-01,ECS,4.5116,4.5116,13.775,USD
2026-01-18,ecs-prod-web-01,ECS,18.9023,18.9023,58.900,USD
2026-01-18,ecs-prod-web-02,ECS,15.9141,15.6754,48.450,USD
2026-01-18,cce-prod-node-a,CCE_NODE,22.8716,22.5285,70.300,USD
2026-01-18,cce-prod-node-b,CCE_NODE,22.8355,22.4930,70.300,USD
2026-01-18,ecs-dev-sandbox-01,ECS,6.4234,6.4234,19.950,USD
2026-01-18,ecs-qa-legacy-01,ECS,5.8075,5.8075,17.575,USD
2026-01-18,rds-orders-prod,RDS,21.6562,21.6562,65.550,USD
2026-01-18,rds-analytics-prod,RDS,16.1154,15.8737,49.400,USD
2026-01-18,evs-orphan-001,EVS,2.9137,2.9137,9.120,USD
2026-01-18,eip-unbound-001,EIP,1.1451,1.1451,3.610,USD
2026-01-18,obs-platform-logs,OBS,8.6092,8.6092,26.125,USD
2026-01-18,elb-legacy-001,ELB,2.5152,2.5152,7.790,USD
2026-01-18,ecs-ml-prod-01,ECS,13.6161,13.6161,43.700,USD
2026-01-18,cce-dev-node-01,CCE_NODE,10.1343,10.1343,31.350,USD
2026-01-18,ecs-unallocated-01,ECS,4.4331,4.4331,13.775,USD
2026-01-19,ecs-prod-web-01,ECS,20.8841,20.8841,63.240,USD
2026-01-19,ecs-prod-web-02,ECS,16.9395,16.6855,52.020,USD
2026-01-19,cce-prod-node-a,CCE_NODE,24.3645,23.9990,75.480,USD
2026-01-19,cce-prod-node-b,CCE_NODE,24.8354,24.4629,75.480,USD
2026-01-19,ecs-dev-sandbox-01,ECS,6.7412,6.7412,21.420,USD
2026-01-19,ecs-qa-legacy-01,ECS,6.1461,6.1461,18.870,USD
2026-01-19,rds-orders-prod,RDS,22.0664,22.0664,70.380,USD
2026-01-19,rds-analytics-prod,RDS,16.8489,16.5962,53.040,USD
2026-01-19,evs-orphan-001,EVS,3.2637,3.2637,9.792,USD
2026-01-19,eip-unbound-001,EIP,1.2683,1.2683,3.876,USD
2026-01-19,obs-platform-logs,OBS,9.2716,9.2716,28.050,USD
2026-01-19,elb-legacy-001,ELB,2.7862,2.7862,8.364,USD
2026-01-19,ecs-ml-prod-01,ECS,15.2682,15.2682,46.920,USD
2026-01-19,cce-dev-node-01,CCE_NODE,10.7072,10.7072,33.660,USD
2026-01-19,ecs-unallocated-01,ECS,4.7210,4.7210,14.790,USD
2026-01-20,ecs-prod-web-01,ECS,20.8438,20.8438,63.240,USD
2026-01-20,ecs-prod-web-02,ECS,17.3098,17.0502,52.020,USD
2026-01-20,cce-prod-node-a,CCE_NODE,23.7344,23.3783,75.480,USD
2026-01-20,cce-prod-node-b,CCE_NODE,25.1617,24.7843,75.480,USD
2026-01-20,ecs-dev-sandbox-01,ECS,6.8303,6.8303,21.420,USD
2026-01-20,ecs-qa-legacy-01,ECS,6.1930,6.1930,18.870,USD
2026-01-20,rds-orders-prod,RDS,22.3321,22.3321,70.380,USD
2026-01-20,rds-analytics-prod,RDS,17.3929,17.1320,53.040,USD
2026-01-20,evs-orphan-001,EVS,3.1031,3.1031,9.792,USD
2026-01-20,eip-unbound-001,EIP,1.2742,1.2742,3.876,USD
2026-01-20,obs-platform-logs,OBS,8.9951,8.9951,28.050,USD
2026-01-20,elb-legacy-001,ELB,2.7089,2.7089,8.364,USD
2026-01-20,ecs-ml-prod-01,ECS,14.8638,14.8638,46.920,USD
2026-01-20,cce-dev-node-01,CCE_NODE,10.5725,10.5725,33.660,USD
2026-01-20,ecs-unallocated-01,ECS,4.9247,4.9247,14.790,USD
2026-01-21,ecs-prod-web-01,ECS,19.8722,19.8722,63.240,USD
2026-01-21,ecs-prod-web-02,ECS,16.5888,16.3400,52.020,USD
2026-01-21,cce-prod-node-a,CCE_NODE,24.2016,23.8386,75.480,USD
2026-01-21,cce-prod-node-b,CCE_NODE,25.1337,24.7566,75.480,USD
2026-01-21,ecs-dev-sandbox-01,ECS,6.8831,6.8831,21.420,USD
2026-01-21,ecs-qa-legacy-01,ECS,5.9594,5.9594,18.870,USD
2026-01-21,rds-orders-prod,RDS,22.8890,22.8890,70.380,USD
2026-01-21,rds-analytics-prod,RDS,17.2108,16.9526,53.040,USD
2026-01-21,evs-orphan-001,EVS,3.2583,3.2583,9.792,USD
2026-01-21,eip-unbound-001,EIP,1.2358,1.2358,3.876,USD
2026-01-21,obs-platform-logs,OBS,9.2563,9.2563,28.050,USD
2026-01-21,elb-legacy-001,ELB,2.7840,2.7840,8.364,USD
2026-01-21,ecs-ml-prod-01,ECS,15.4882,15.4882,46.920,USD
2026-01-21,cce-dev-node-01,CCE_NODE,11.2178,11.2178,33.660,USD
2026-01-21,ecs-unallocated-01,ECS,4.7208,4.7208,14.790,USD
2026-01-22,ecs-prod-web-01,ECS,20.3181,20.3181,63.240,USD
2026-01-22,ecs-prod-web-02,ECS,16.9578,16.7035,52.020,USD
2026-01-22,cce-prod-node-a,CCE_NODE,25.0923,24.7159,75.480,USD
2026-01-22,cce-prod-node-b,CCE_NODE,24.4764,24.1093,75.480,USD
2026-01-22,ecs-dev-sandbox-01,ECS,6.8773,6.8773,21.420,USD
2026-01-22,ecs-qa-legacy-01,ECS,6.1502,6.1502,18.870,USD
2026-01-22,rds-orders-prod,RDS,22.8802,22.8802,70.380,USD
2026-01-22,rds-analytics-prod,RDS,17.0687,16.8127,53.040,USD
2026-01-22,evs-orphan-001,EVS,3.1193,3.1193,9.792,USD
2026-01-22,eip-unbound-001,EIP,1.2101,1.2101,3.876,USD
2026-01-22,obs-platform-logs,OBS,8.9754,8.9754,28.050,USD
2026-01-22,elb-legacy-001,ELB,2.7564,2.7564,8.364,USD
2026-01-22,ecs-ml-prod-01,ECS,14.7326,14.7326,46.920,USD
2026-01-22,cce-dev-node-01,CCE_NODE,11.0356,11.0356,33.660,USD
2026-01-22,ecs-unallocated-01,ECS,4.8514,4.8514,14.790,USD
2026-01-23,ecs-prod-web-01,ECS,20.1900,20.1900,63.240,USD
2026-01-23,ecs-prod-web-02,ECS,16.5679,16.3194,52.020,USD
2026-01-23,cce-prod-node-a,CCE_NODE,25.0758,24.6997,75.480,USD
2026-01-23,cce-prod-node-b,CCE_NODE,24.4197,24.0534,75.480,USD
2026-01-23,ecs-dev-sandbox-01,ECS,7.0380,7.0380,21.420,USD
2026-01-23,ecs-qa-legacy-01,ECS,6.1266,6.1266,18.870,USD
2026-01-23,rds-orders-prod,RDS,23.1320,23.1320,70.380,USD
2026-01-23,rds-analytics-prod,RDS,16.9784,16.7237,53.040,USD
2026-01-23,evs-orphan-001,EVS,3.1914,3.1914,9.792,USD
2026-01-23,eip-unbound-001,EIP,1.2524,1.2524,3.876,USD
2026-01-23,obs-platform-logs,OBS,9.0528,9.0528,28.050,USD
2026-01-23,elb-legacy-001,ELB,2.7067,2.7067,8.364,USD
2026-01-23,ecs-ml-prod-01,ECS,14.8732,14.8732,46.920,USD
2026-01-23,cce-dev-node-01,CCE_NODE,10.9719,10.9719,33.660,USD
2026-01-23,ecs-unallocated-01,ECS,4.8746,4.8746,14.790,USD
2026-01-24,ecs-prod-web-01,ECS,18.8507,18.8507,58.900,USD
2026-01-24,ecs-prod-web-02,ECS,15.6852,15.4499,48.450,USD
2026-01-24,cce-prod-node-a,CCE_NODE,22.8441,22.5014,70.300,USD
2026-01-24,cce-prod-node-b,CCE_NODE,21.9621,21.6327,70.300,USD
2026-01-24,ecs-dev-sandbox-01,ECS,6.2826,6.2826,19.950,USD
2026-01-24,ecs-qa-legacy-01,ECS,5.8356,5.8356,17.575,USD
2026-01-24,rds-orders-prod,RDS,20.4990,20.4990,65.550,USD
2026-01-24,rds-analytics-prod,RDS,15.3933,15.1624,49.400,USD
2026-01-24,evs-orphan-001,EVS,3.0417,3.0417,9.120,USD
2026-01-24,eip-unbound-001,EIP,1.1390,1.1390,3.610,USD
2026-01-24,obs-platform-logs,OBS,8.6959,8.6959,26.125,USD
2026-01-24,elb-legacy-001,ELB,2.4787,2.4787,7.790,USD
2026-01-24,ecs-ml-prod-01,ECS,13.7035,13.7035,43.700,USD
2026-01-24,cce-dev-node-01,CCE_NODE,10.0088,10.0088,31.350,USD
2026-01-24,ecs-unallocated-01,ECS,4.4866,4.4866,13.775,USD
2026-01-25,ecs-prod-web-01,ECS,19.4560,19.4560,58.900,USD
2026-01-25,ecs-prod-web-02,ECS,15.9648,15.7254,48.450,USD
2026-01-25,cce-prod-node-a,CCE_NODE,22.3341,21.9991,70.300,USD
2026-01-25,cce-prod-node-b,CCE_NODE,22.6386,22.2991,70.300,USD
2026-01-25,ecs-dev-sandbox-01,ECS,6.4350,6.4350,19.950,USD
2026-01-25,ecs-qa-legacy-01,ECS,5.6439,5.6439,17.575,USD
2026-01-25,rds-orders-prod,RDS,21.7317,21.7317,65.550,USD
2026-01-25,rds-analytics-prod,RDS,16.0220,15.7816,49.400,USD
2026-01-25,evs-orphan-001,EVS,2.9496,2.9496,9.120,USD
2026-01-25,eip-unbound-001,EIP,1.1705,1.1705,3.610,USD
2026-01-25,obs-platform-logs,OBS,8.1929,8.1929,26.125,USD
2026-01-25,elb-legacy-001,ELB,2.5352,2.5352,7.790,USD
2026-01-25,ecs-ml-prod-01,ECS,14.0533,14.0533,43.700,USD
2026-01-25,cce-dev-node-01,CCE_NODE,10.0909,10.0909,31.350,USD
2026-01-25,ecs-unallocated-01,ECS,4.5899,4.5899,13.775,USD
2026-01-26,ecs-prod-web-01,ECS,19.7509,19.7509,63.240,USD
2026-01-26,ecs-prod-web-02,ECS,17.2789,17.0197,52.020,USD
2026-01-26,cce-prod-node-a,CCE_NODE,23.8179,23.4607,75.480,USD
2026-01-26,cce-prod-node-b,CCE_NODE,24.6001,24.2311,75.480,USD
2026-01-26,ecs-dev-sandbox-01,ECS,6.7226,6.7226,21.420,USD
2026-01-26,ecs-qa-legacy-01,ECS,6.1305,6.1305,18.870,USD
2026-01-26,rds-orders-prod,RDS,22.0365,22.0365,70.380,USD
2026-01-26,rds-analytics-prod,RDS,16.6200,16.3707,53.040,USD
2026-01-26,evs-orphan-001,EVS,3.2610,3.2610,9.792,USD
2026-01-26,eip-unbound-001,EIP,1.2900,1.2900,3.876,USD
2026-01-26,obs-platform-logs,OBS,8.8532,8.8532,28.050,USD
2026-01-26,elb-legacy-001,ELB,2.7793,2.7793,8.364,USD
2026-01-26,ecs-ml-prod-01,ECS,15.4168,15.4168,46.920,USD
2026-01-26,cce-dev-node-01,CCE_NODE,10.8649,10.8649,33.660,USD
2026-01-26,ecs-unallocated-01,ECS,4.9196,4.9196,14.790,USD
2026-01-27,ecs-prod-web-01,ECS,20.8936,20.8936,63.240,USD
2026-01-27,ecs-prod-web-02,ECS,17.3211,17.0613,52.020,USD
2026-01-27,cce-prod-node-a,CCE_NODE,24.3476,23.9824,75.480,USD
2026-01-27,cce-prod-node-b,CCE_NODE,25.1452,24.7680,75.480,USD
2026-01-27,ecs-dev-sandbox-01,ECS,6.8377,6.8377,21.420,USD
2026-01-27,ecs-qa-legacy-01,ECS,6.1921,6.1921,18.870,USD
2026-01-27,rds-orders-prod,RDS,23.0396,23.0396,70.380,USD
2026-01-27,rds-analytics-prod,RDS,17.2988,17.0393,53.040,USD
2026-01-27,evs-orphan-001,EVS,3.0805,3.0805,9.792,USD
2026-01-27,eip-unbound-001,EIP,1.2620,1.2620,3.876,USD
2026-01-27,obs-platform-logs,OBS,9.2668,9.2668,28.050,USD
2026-01-27,elb-legacy-001,ELB,2.6975,2.6975,8.364,USD
2026-01-27,ecs-ml-prod-01,ECS,14.8965,14.8965,46.920,USD
2026-01-27,cce-dev-node-01,CCE_NODE,11.0642,11.0642,33.660,USD
2026-01-27,ecs-unallocated-01,ECS,4.8047,4.8047,14.790,USD
2026-01-28,ecs-prod-web-01,ECS,20.6603,20.6603,63.240,USD
2026-01-28,ecs-prod-web-02,ECS,16.6097,16.3605,52.020,USD
2026-01-28,cce-prod-node-a,CCE_NODE,23.6501,23.2954,75.480,USD
2026-01-28,cce-prod-node-b,CCE_NODE,23.7719,23.4154,75.480,USD
2026-01-28,ecs-dev-sandbox-01,ECS,6.7963,6.7963,21.420,USD
2026-01-28,ecs-qa-legacy-01,ECS,5.9204,5.9204,18.870,USD
2026-01-28,rds-orders-prod,RDS,23.3734,23.3734,70.380,USD
2026-01-28,rds-analytics-prod,RDS,17.2483,16.9896,53.040,USD
2026-01-28,evs-orphan-001,EVS,3.1827,3.1827,9.792,USD
2026-01-28,eip-unbound-001,EIP,1.2093,1.2093,3.876,USD
2026-01-28,obs-platform-logs,OBS,8.8003,8.8003,28.050,USD
2026-01-28,elb-legacy-001,ELB,2.7008,2.7008,8.364,USD
2026-01-28,ecs-ml-prod-01,ECS,14.6801,14.6801,46.920,USD
2026-01-28,cce-dev-node-01,CCE_NODE,10.5070,10.5070,33.660,USD
2026-01-28,ecs-unallocated-01,ECS,4.9251,4.9251,14.790,USD
2026-01-29,ecs-prod-web-01,ECS,19.8661,19.8661,63.240,USD
2026-01-29,ecs-prod-web-02,ECS,16.2727,16.0287,52.020,USD
2026-01-29,cce-prod-node-a,CCE_NODE,23.7303,23.3744,75.480,USD
2026-01-29,cce-prod-node-b,CCE_NODE,24.1582,23.7959,75.480,USD
2026-01-29,ecs-dev-sandbox-01,ECS,6.7402,6.7402,21.420,USD
2026-01-29,ecs-qa-legacy-01,ECS,5.9911,5.9911,18.870,USD
2026-01-29,rds-orders-prod,RDS,21.9468,21.9468,70.380,USD
2026-01-29,rds-analytics-prod,RDS,17.3243,17.0644,53.040,USD
2026-01-29,evs-orphan-001,EVS,3.1247,3.1247,9.792,USD
2026-01-29,eip-unbound-001,EIP,1.2282,1.2282,3.876,USD
2026-01-29,obs-platform-logs,OBS,8.7915,8.7915,28.050,USD
2026-01-29,elb-legacy-001,ELB,2.6483,2.6483,8.364,USD
2026-01-29,ecs-ml-prod-01,ECS,15.0817,15.0817,46.920,USD
2026-01-29,cce-dev-node-01,CCE_NODE,11.1739,11.1739,33.660,USD
2026-01-29,ecs-unallocated-01,ECS,4.6798,4.6798,14.790,USD
2026-01-30,ecs-prod-web-01,ECS,20.5748,20.5748,63.240,USD
2026-01-30,ecs-prod-web-02,ECS,17.3372,17.0771,52.020,USD
2026-01-30,cce-prod-node-a,CCE_NODE,24.5202,24.1524,75.480,USD
2026-01-30,cce-prod-node-b,CCE_NODE,24.4151,24.0489,75.480,USD
2026-01-30,ecs-dev-sandbox-01,ECS,6.9081,6.9081,21.420,USD
2026-01-30,ecs-qa-legacy-01,ECS,6.2089,6.2089,18.870,USD
2026-01-30,rds-orders-prod,RDS,22.2480,22.2480,70.380,USD
2026-01-30,rds-analytics-prod,RDS,16.6657,16.4157,53.040,USD
2026-01-30,evs-orphan-001,EVS,3.2476,3.2476,9.792,USD
2026-01-30,eip-unbound-001,EIP,1.2116,1.2116,3.876,USD
2026-01-30,obs-platform-logs,OBS,9.2727,9.2727,28.050,USD
2026-01-30,elb-legacy-001,ELB,2.7415,2.7415,8.364,USD
2026-01-30,ecs-ml-prod-01,ECS,14.8331,14.8331,46.920,USD
2026-01-30,cce-dev-node-01,CCE_NODE,10.9413,10.9413,33.660,USD
2026-01-30,ecs-unallocated-01,ECS,4.6328,4.6328,14.790,USD
2026-01-31,ecs-prod-web-01,ECS,19.6132,19.6132,58.900,USD
2026-01-31,ecs-prod-web-02,ECS,15.7225,15.4866,48.450,USD
2026-01-31,cce-prod-node-a,CCE_NODE,22.5369,22.1989,70.300,USD
2026-01-31,cce-prod-node-b,CCE_NODE,23.2415,22.8929,70.300,USD
2026-01-31,ecs-dev-sandbox-01,ECS,6.2204,6.2204,19.950,USD
2026-01-31,ecs-qa-legacy-01,ECS,5.5228,5.5228,17.575,USD
2026-01-31,rds-orders-prod,RDS,21.4612,21.4612,65.550,USD
2026-01-31,rds-analytics-prod,RDS,16.2000,15.9570,49.400,USD
2026-01-31,evs-orphan-001,EVS,2.8795,2.8795,9.120,USD
2026-01-31,eip-unbound-001,EIP,1.1976,1.1976,3.610,USD
2026-01-31,obs-platform-logs,OBS,8.4354,8.4354,26.125,USD
2026-01-31,elb-legacy-001,ELB,2.5275,2.5275,7.790,USD
2026-01-31,ecs-ml-prod-01,ECS,14.2053,14.2053,43.700,USD
2026-01-31,cce-dev-node-01,CCE_NODE,9.8442,9.8442,31.350,USD
2026-01-31,ecs-unallocated-01,ECS,4.3887,4.3887,13.775,USD
2026-02-01,ecs-prod-web-01,ECS,21.6617,21.6617,58.900,USD
2026-02-01,ecs-prod-web-02,ECS,17.6527,17.3879,48.450,USD
2026-02-01,cce-prod-node-a,CCE_NODE,25.2324,24.8539,70.300,USD
2026-02-01,cce-prod-node-b,CCE_NODE,26.1436,25.7514,70.300,USD
2026-02-01,ecs-dev-sandbox-01,ECS,7.3788,7.3788,19.950,USD
2026-02-01,ecs-qa-legacy-01,ECS,6.5900,6.5900,17.575,USD
2026-02-01,rds-orders-prod,RDS,23.5424,23.5424,65.550,USD
2026-02-01,rds-analytics-prod,RDS,17.9978,17.7278,49.400,USD
2026-02-01,evs-orphan-001,EVS,3.2340,3.2340,9.120,USD
2026-02-01,eip-unbound-001,EIP,1.2835,1.2835,3.610,USD
2026-02-01,obs-platform-logs,OBS,9.4158,9.4158,26.125,USD
2026-02-01,elb-legacy-001,ELB,2.8924,2.8924,7.790,USD
2026-02-01,ecs-ml-prod-01,ECS,15.5980,15.5980,43.700,USD
2026-02-01,cce-dev-node-01,CCE_NODE,11.2365,11.2365,31.350,USD
2026-02-01,ecs-unallocated-01,ECS,4.8920,4.8920,13.775,USD
2026-02-02,ecs-prod-web-01,ECS,22.4814,22.4814,63.240,USD
2026-02-02,ecs-prod-web-02,ECS,19.3023,19.0128,52.020,USD
2026-02-02,cce-prod-node-a,CCE_NODE,27.9979,27.5780,75.480,USD
2026-02-02,cce-prod-node-b,CCE_NODE,28.1813,27.7586,75.480,USD
2026-02-02,ecs-dev-sandbox-01,ECS,8.0264,8.0264,21.420,USD
2026-02-02,ecs-qa-legacy-01,ECS,7.0546,7.0546,18.870,USD
2026-02-02,rds-orders-prod,RDS,26.0782,26.0782,70.380,USD
2026-02-02,rds-analytics-prod,RDS,19.9549,19.6556,53.040,USD
2026-02-02,evs-orphan-001,EVS,3.5495,3.5495,9.792,USD
2026-02-02,eip-unbound-001,EIP,1.4208,1.4208,3.876,USD
2026-02-02,obs-platform-logs,OBS,10.4827,10.4827,28.050,USD
2026-02-02,elb-legacy-001,ELB,2.9923,2.9923,8.364,USD
2026-02-02,ecs-ml-prod-01,ECS,16.9340,16.9340,46.920,USD
2026-02-02,cce-dev-node-01,CCE_NODE,12.2920,12.2920,33.660,USD
2026-02-02,ecs-unallocated-01,ECS,5.5331,5.5331,14.790,USD
2026-02-03,ecs-prod-web-01,ECS,22.6102,22.6102,63.240,USD
2026-02-03,ecs-prod-web-02,ECS,19.2513,18.9625,52.020,USD
2026-02-03,cce-prod-node-a,CCE_NODE,27.7816,27.3649,75.480,USD
2026-02-03,cce-prod-node-b,CCE_NODE,27.8558,27.4380,75.480,USD
2026-02-03,ecs-dev-sandbox-01,ECS,7.6921,7.6921,21.420,USD
2026-02-03,ecs-qa-legacy-01,ECS,6.7953,6.7953,18.870,USD
2026-02-03,rds-orders-prod,RDS,25.6925,25.6925,70.380,USD
2026-02-03,rds-analytics-prod,RDS,18.6973,18.4168,53.040,USD
2026-02-03,evs-orphan-001,EVS,3.5105,3.5105,9.792,USD
2026-02-03,eip-unbound-001,EIP,1.3991,1.3991,3.876,USD
2026-02-03,obs-platform-logs,OBS,10.0823,10.0823,28.050,USD
2026-02-03,elb-legacy-001,ELB,3.1024,3.1024,8.364,USD
2026-02-03,ecs-ml-prod-01,ECS,16.9456,16.9456,46.920,USD
2026-02-03,cce-dev-node-01,CCE_NODE,12.0321,12.0321,33.660,USD
2026-02-03,ecs-unallocated-01,ECS,5.4972,5.4972,14.790,USD
2026-02-04,ecs-prod-web-01,ECS,22.8046,22.8046,63.240,USD
2026-02-04,ecs-prod-web-02,ECS,18.3690,18.0935,52.020,USD
2026-02-04,cce-prod-node-a,CCE_NODE,26.6030,26.2040,75.480,USD
2026-02-04,cce-prod-node-b,CCE_NODE,28.3055,27.8809,75.480,USD
2026-02-04,ecs-dev-sandbox-01,ECS,7.8824,7.8824,21.420,USD
2026-02-04,ecs-qa-legacy-01,ECS,7.0765,7.0765,18.870,USD
2026-02-04,rds-orders-prod,RDS,24.7023,24.7023,70.380,USD
2026-02-04,rds-analytics-prod,RDS,19.0737,18.7876,53.040,USD
2026-02-04,evs-orphan-001,EVS,3.6846,3.6846,9.792,USD
2026-02-04,eip-unbound-001,EIP,1.4118,1.4118,3.876,USD
2026-02-04,obs-platform-logs,OBS,10.4613,10.4613,28.050,USD
2026-02-04,elb-legacy-001,ELB,3.0250,3.0250,8.364,USD
2026-02-04,ecs-ml-prod-01,ECS,17.4192,17.4192,46.920,USD
2026-02-04,cce-dev-node-01,CCE_NODE,11.9363,11.9363,33.660,USD
2026-02-04,ecs-unallocated-01,ECS,5.4596,5.4596,14.790,USD
2026-02-05,ecs-prod-web-01,ECS,23.1778,23.1778,63.240,USD
2026-02-05,ecs-prod-web-02,ECS,19.0282,18.7427,52.020,USD
2026-02-05,cce-prod-node-a,CCE_NODE,26.7623,26.3609,75.480,USD
2026-02-05,cce-prod-node-b,CCE_NODE,27.1383,26.7312,75.480,USD
2026-02-05,ecs-dev-sandbox-01,ECS,8.0400,8.0400,21.420,USD
2026-02-05,ecs-qa-legacy-01,ECS,7.0440,7.0440,18.870,USD
2026-02-05,rds-orders-prod,RDS,24.7896,24.7896,70.380,USD
2026-02-05,rds-analytics-prod,RDS,18.6306,18.3512,53.040,USD
2026-02-05,evs-orphan-001,EVS,3.6572,3.6572,9.792,USD
2026-02-05,eip-unbound-001,EIP,1.4517,1.4517,3.876,USD
2026-02-05,obs-platform-logs,OBS,10.2614,10.2614,28.050,USD
2026-02-05,elb-legacy-001,ELB,2.9516,2.9516,8.364,USD
2026-02-05,ecs-ml-prod-01,ECS,17.3310,17.3310,46.920,USD
2026-02-05,cce-dev-node-01,CCE_NODE,12.3428,12.3428,33.660,USD
2026-02-05,ecs-unallocated-01,ECS,5.3539,5.3539,14.790,USD
2026-02-06,ecs-prod-web-01,ECS,22.9265,22.9265,63.240,USD
2026-02-06,ecs-prod-web-02,ECS,18.7481,18.4669,52.020,USD
2026-02-06,cce-prod-node-a,CCE_NODE,28.1763,27.7536,75.480,USD
2026-02-06,cce-prod-node-b,CCE_NODE,27.1623,26.7549,75.480,USD
2026-02-06,ecs-dev-sandbox-01,ECS,7.8920,7.8920,21.420,USD
2026-02-06,ecs-qa-legacy-01,ECS,6.7276,6.7276,18.870,USD
2026-02-06,rds-orders-prod,RDS,25.7126,25.7126,70.380,USD
2026-02-06,rds-analytics-prod,RDS,19.6292,19.3347,53.040,USD
2026-02-06,evs-orphan-001,EVS,3.6681,3.6681,9.792,USD
2026-02-06,eip-unbound-001,EIP,1.3800,1.3800,3.876,USD
2026-02-06,obs-platform-logs,OBS,10.1777,10.1777,28.050,USD
2026-02-06,elb-legacy-001,ELB,2.9984,2.9984,8.364,USD
2026-02-06,ecs-ml-prod-01,ECS,17.4310,17.4310,46.920,USD
2026-02-06,cce-dev-node-01,CCE_NODE,12.3206,12.3206,33.660,USD
2026-02-06,ecs-unallocated-01,ECS,5.2947,5.2947,14.790,USD
2026-02-07,ecs-prod-web-01,ECS,21.6056,21.6056,58.900,USD
2026-02-07,ecs-prod-web-02,ECS,18.0342,17.7637,48.450,USD
2026-02-07,cce-prod-node-a,CCE_NODE,24.7463,24.3751,70.300,USD
2026-02-07,cce-prod-node-b,CCE_NODE,24.8409,24.4683,70.300,USD
2026-02-07,ecs-dev-sandbox-01,ECS,7.3430,7.3430,19.950,USD
2026-02-07,ecs-qa-legacy-01,ECS,6.5628,6.5628,17.575,USD
2026-02-07,rds-orders-prod,RDS,23.5606,23.5606,65.550,USD
2026-02-07,rds-analytics-prod,RDS,18.4798,18.2026,49.400,USD
2026-02-07,evs-orphan-001,EVS,3.2461,3.2461,9.120,USD
2026-02-07,eip-unbound-001,EIP,1.3411,1.3411,3.610,USD
2026-02-07,obs-platform-logs,OBS,9.7435,9.7435,26.125,USD
2026-02-07,elb-legacy-001,ELB,2.7940,2.7940,7.790,USD
2026-02-07,ecs-ml-prod-01,ECS,15.6486,15.6486,43.700,USD
2026-02-07,cce-dev-node-01,CCE_NODE,11.4011,11.4011,31.350,USD
2026-02-07,ecs-unallocated-01,ECS,4.8920,4.8920,13.775,USD
2026-02-08,ecs-prod-web-01,ECS,21.6066,21.6066,58.900,USD
2026-02-08,ecs-prod-web-02,ECS,17.8252,17.5578,48.450,USD
2026-02-08,cce-prod-node-a,CCE_NODE,26.3227,25.9278,70.300,USD
2026-02-08,cce-prod-node-b,CCE_NODE,25.5652,25.1817,70.300,USD
2026-02-08,ecs-dev-sandbox-01,ECS,7.3676,7.3676,19.950,USD
2026-02-08,ecs-qa-legacy-01,ECS,6.4218,6.4218,17.575,USD
2026-02-08,rds-orders-prod,RDS,24.5371,24.5371,65.550,USD
2026-02-08,rds-analytics-prod,RDS,17.7826,17.5158,49.400,USD
2026-02-08,evs-orphan-001,EVS,3.3375,3.3375,9.120,USD
2026-02-08,eip-unbound-001,EIP,1.3177,1.3177,3.610,USD
2026-02-08,obs-platform-logs,OBS,9.5090,9.5090,26.125,USD
2026-02-08,elb-legacy-001,ELB,2.8635,2.8635,7.790,USD
2026-02-08,ecs-ml-prod-01,ECS,15.4729,15.4729,43.700,USD
2026-02-08,cce-dev-node-01,CCE_NODE,11.1300,11.1300,31.350,USD
2026-02-08,ecs-unallocated-01,ECS,4.8584,4.8584,13.775,USD
2026-02-09,ecs-prod-web-01,ECS,22.8992,22.8992,63.240,USD
2026-02-09,ecs-prod-web-02,ECS,18.4087,18.1326,52.020,USD
2026-02-09,cce-prod-node-a,CCE_NODE,28.2739,27.8498,75.480,USD
2026-02-09,cce-prod-node-b,CCE_NODE,28.3338,27.9088,75.480,USD
2026-02-09,ecs-dev-sandbox-01,ECS,7.9785,7.9785,21.420,USD
2026-02-09,ecs-qa-legacy-01,ECS,6.7060,6.7060,18.870,USD
2026-02-09,rds-orders-prod,RDS,26.4475,26.4475,70.380,USD
2026-02-09,rds-analytics-prod,RDS,19.2725,18.9834,53.040,USD
2026-02-09,evs-orphan-001,EVS,3.4892,3.4892,9.792,USD
2026-02-09,eip-unbound-001,EIP,1.3845,1.3845,3.876,USD
2026-02-09,obs-platform-logs,OBS,10.2008,10.2008,28.050,USD
2026-02-09,elb-legacy-001,ELB,3.0115,3.0115,8.364,USD
2026-02-09,ecs-ml-prod-01,ECS,17.0600,17.0600,46.920,USD
2026-02-09,cce-dev-node-01,CCE_NODE,12.1035,12.1035,33.660,USD
2026-02-09,ecs-unallocated-01,ECS,5.1971,5.1971,14.790,USD
2026-02-10,ecs-prod-web-01,ECS,23.0301,23.0301,63.240,USD
2026-02-10,ecs-prod-web-02,ECS,18.4791,18.2019,52.020,USD
2026-02-10,cce-prod-node-a,CCE_NODE,27.7811,27.3644,75.480,USD
2026-02-10,cce-prod-node-b,CCE_NODE,27.4603,27.0484,75.480,USD
2026-02-10,ecs-dev-sandbox-01,ECS,8.0266,8.0266,21.420,USD
2026-02-10,ecs-qa-legacy-01,ECS,6.6554,6.6554,18.870,USD
2026-02-10,rds-orders-prod,RDS,26.4084,26.4084,70.380,USD
2026-02-10,rds-analytics-prod,RDS,19.5786,19.2849,53.040,USD
2026-02-10,evs-orphan-001,EVS,3.5326,3.5326,9.792,USD
2026-02-10,eip-unbound-001,EIP,1.4145,1.4145,3.876,USD
2026-02-10,obs-platform-logs,OBS,10.2999,10.2999,28.050,USD
2026-02-10,elb-legacy-001,ELB,3.0075,3.0075,8.364,USD
2026-02-10,ecs-ml-prod-01,ECS,16.8990,16.8990,46.920,USD
2026-02-10,cce-dev-node-01,CCE_NODE,12.3644,12.3644,33.660,USD
2026-02-10,ecs-unallocated-01,ECS,5.3018,5.3018,14.790,USD
2026-02-11,ecs-prod-web-01,ECS,23.0891,23.0891,63.240,USD
2026-02-11,ecs-prod-web-02,ECS,19.1789,18.8912,52.020,USD
2026-02-11,cce-prod-node-a,CCE_NODE,28.1140,27.6923,75.480,USD
2026-02-11,cce-prod-node-b,CCE_NODE,26.9566,26.5522,75.480,USD
2026-02-11,ecs-dev-sandbox-01,ECS,7.6991,7.6991,21.420,USD
2026-02-11,ecs-qa-legacy-01,ECS,6.9359,6.9359,18.870,USD
2026-02-11,rds-orders-prod,RDS,25.4756,25.4756,70.380,USD
2026-02-11,rds-analytics-prod,RDS,19.6409,19.3463,53.040,USD
2026-02-11,evs-orphan-001,EVS,3.6555,3.6555,9.792,USD
2026-02-11,eip-unbound-001,EIP,1.3716,1.3716,3.876,USD
2026-02-11,obs-platform-logs,OBS,10.5116,10.5116,28.050,USD
2026-02-11,elb-legacy-001,ELB,2.9454,2.9454,8.364,USD
2026-02-11,ecs-ml-prod-01,ECS,16.4878,16.4878,46.920,USD
2026-02-11,cce-dev-node-01,CCE_NODE,11.9444,11.9444,33.660,USD
2026-02-11,ecs-unallocated-01,ECS,5.3527,5.3527,14.790,USD
2026-02-12,ecs-prod-web-01,ECS,23.2535,23.2535,63.240,USD
2026-02-12,ecs-prod-web-02,ECS,18.9940,18.7091,52.020,USD
2026-02-12,cce-prod-node-a,CCE_NODE,27.0525,26.6467,75.480,USD
2026-02-12,cce-prod-node-b,CCE_NODE,27.2345,26.8260,75.480,USD
2026-02-12,ecs-dev-sandbox-01,ECS,7.9243,7.9243,21.420,USD
2026-02-12,ecs-qa-legacy-01,ECS,7.0189,7.0189,18.870,USD
2026-02-12,rds-orders-prod,RDS,26.0245,26.0245,70.380,USD
2026-02-12,rds-analytics-prod,RDS,19.6473,19.3526,53.040,USD
2026-02-12,evs-orphan-001,EVS,3.4897,3.4897,9.792,USD
2026-02-12,eip-unbound-001,EIP,1.4333,1.4333,3.876,USD
2026-02-12,obs-platform-logs,OBS,9.8832,9.8832,28.050,USD
2026-02-12,elb-legacy-001,ELB,2.9369,2.9369,8.364,USD
2026-02-12,ecs-ml-prod-01,ECS,16.8913,16.8913,46.920,USD
2026-02-12,cce-dev-node-01,CCE_NODE,12.4705,12.4705,33.660,USD
2026-02-12,ecs-unallocated-01,ECS,5.2501,5.2501,14.790,USD
2026-02-13,ecs-prod-web-01,ECS,22.6152,22.6152,63.240,USD
2026-02-13,ecs-prod-web-02,ECS,18.2628,17.9888,52.020,USD
2026-02-13,cce-prod-node-a,CCE_NODE,27.8149,27.3976,75.480,USD
2026-02-13,cce-prod-node-b,CCE_NODE,27.4989,27.0864,75.480,USD
2026-02-13,ecs-dev-sandbox-01,ECS,7.5500,7.5500,21.420,USD
2026-02-13,ecs-qa-legacy-01,ECS,6.8686,6.8686,18.870,USD
2026-02-13,rds-orders-prod,RDS,26.2066,26.2066,70.380,USD
2026-02-13,rds-analytics-prod,RDS,18.9783,18.6936,53.040,USD
2026-02-13,evs-orphan-001,EVS,3.5618,3.5618,9.792,USD
2026-02-13,eip-unbound-001,EIP,1.4252,1.4252,3.876,USD
2026-02-13,obs-platform-logs,OBS,9.9534,9.9534,28.050,USD
2026-02-13,elb-legacy-001,ELB,2.9663,2.9663,8.364,USD
2026-02-13,ecs-ml-prod-01,ECS,16.9454,16.9454,46.920,USD
2026-02-13,cce-dev-node-01,CCE_NODE,12.3810,12.3810,33.660,USD
2026-02-13,ecs-unallocated-01,ECS,5.3170,5.3170,14.790,USD
2026-02-14,ecs-prod-web-01,ECS,20.9725,20.9725,58.900,USD
2026-02-14,ecs-prod-web-02,ECS,17.4027,17.1416,48.450,USD
2026-02-14,cce-prod-node-a,CCE_NODE,25.4195,25.0382,70.300,USD
2026-02-14,cce-prod-node-b,CCE_NODE,25.9802,25.5905,70.300,USD
2026-02-14,ecs-dev-sandbox-01,ECS,7.4371,7.4371,19.950,USD
2026-02-14,ecs-qa-legacy-01,ECS,6.2991,6.2991,17.575,USD
2026-02-14,rds-orders-prod,RDS,24.2053,24.2053,65.550,USD
2026-02-14,rds-analytics-prod,RDS,17.5393,17.2762,49.400,USD
2026-02-14,evs-orphan-001,EVS,3.2847,3.2847,9.120,USD
2026-02-14,eip-unbound-001,EIP,1.2971,1.2971,3.610,USD
2026-02-14,obs-platform-logs,OBS,9.4555,9.4555,26.125,USD
2026-02-14,elb-legacy-001,ELB,2.7984,2.7984,7.790,USD
2026-02-14,ecs-ml-prod-01,ECS,15.9881,15.9881,43.700,USD
2026-02-14,cce-dev-node-01,CCE_NODE,11.4836,11.4836,31.350,USD
2026-02-14,ecs-unallocated-01,ECS,5.0582,5.0582,13.775,USD
2026-02-15,ecs-prod-web-01,ECS,21.3574,21.3574,58.900,USD
2026-02-15,ecs-prod-web-02,ECS,17.2473,16.9886,48.450,USD
2026-02-15,cce-prod-node-a,CCE_NODE,25.8800,25.4918,70.300,USD
2026-02-15,cce-prod-node-b,CCE_NODE,25.8590,25.4711,70.300,USD
2026-02-15,ecs-dev-sandbox-01,ECS,7.0170,7.0170,19.950,USD
2026-02-15,ecs-qa-legacy-01,ECS,6.2588,6.2588,17.575,USD
2026-02-15,rds-orders-prod,RDS,23.9289,23.9289,65.550,USD
2026-02-15,rds-analytics-prod,RDS,18.0852,17.8139,49.400,USD
2026-02-15,evs-orphan-001,EVS,3.3865,3.3865,9.120,USD
2026-02-15,eip-unbound-001,EIP,1.3171,1.3171,3.610,USD
2026-02-15,obs-platform-logs,OBS,9.2191,9.2191,26.125,USD
2026-02-15,elb-legacy-001,ELB,2.7421,2.7421,7.790,USD
2026-02-15,ecs-ml-prod-01,ECS,15.8176,15.8176,43.700,USD
2026-02-15,cce-dev-node-01,CCE_NODE,11.2818,11.2818,31.350,USD
2026-02-15,ecs-unallocated-01,ECS,4.8479,4.8479,13.775,USD
2026-02-16,ecs-prod-web-01,ECS,23.1998,23.1998,63.240,USD
2026-02-16,ecs-prod-web-02,ECS,18.7234,18.4426,52.020,USD
2026-02-16,cce-prod-node-a,CCE_NODE,26.8083,26.4061,75.480,USD
2026-02-16,cce-prod-node-b,CCE_NODE,27.2418,26.8332,75.480,USD
2026-02-16,ecs-dev-sandbox-01,ECS,7.9884,7.9884,21.420,USD
2026-02-16,ecs-qa-legacy-01,ECS,6.9582,6.9582,18.870,USD
2026-02-16,rds-orders-prod,RDS,25.9929,25.9929,70.380,USD
2026-02-16,rds-analytics-prod,RDS,19.7381,19.4420,53.040,USD
2026-02-16,evs-orphan-001,EVS,3.5870,3.5870,9.792,USD
2026-02-16,eip-unbound-001,EIP,1.4073,1.4073,3.876,USD
2026-02-16,obs-platform-logs,OBS,10.1584,10.1584,28.050,USD
2026-02-16,elb-legacy-001,ELB,3.0674,3.0674,8.364,USD
2026-02-16,ecs-ml-prod-01,ECS,16.8215,16.8215,46.920,USD
2026-02-16,cce-dev-node-01,CCE_NODE,12.2225,12.2225,33.660,USD
2026-02-16,ecs-unallocated-01,ECS,5.5612,5.5612,14.790,USD
2026-02-17,ecs-prod-web-01,ECS,23.4858,23.4858,63.240,USD
2026-02-17,ecs-prod-web-02,ECS,18.8211,18.5388,52.020,USD
2026-02-17,cce-prod-node-a,CCE_NODE,27.8842,27.4660,75.480,USD
2026-02-17,cce-prod-node-b,CCE_NODE,27.0027,26.5976,75.480,USD
2026-02-17,ecs-dev-sandbox-01,ECS,7.6245,7.6245,21.420,USD
2026-02-17,ecs-qa-legacy-01,ECS,6.9287,6.9287,18.870,USD
2026-02-17,rds-orders-prod,RDS,24.9694,24.9694,70.380,USD
2026-02-17,rds-analytics-prod,RDS,19.5112,19.2185,53.040,USD
2026-02-17,evs-orphan-001,EVS,3.5362,3.5362,9.792,USD
2026-02-17,eip-unbound-001,EIP,1.4045,1.4045,3.876,USD
2026-02-17,obs-platform-logs,OBS,10.5442,10.5442,28.050,USD
2026-02-17,elb-legacy-001,ELB,2.9896,2.9896,8.364,USD
2026-02-17,ecs-ml-prod-01,ECS,17.6378,17.6378,46.920,USD
2026-02-17,cce-dev-node-01,CCE_NODE,12.5413,12.5413,33.660,USD
2026-02-17,ecs-unallocated-01,ECS,5.3976,5.3976,14.790,USD
2026-02-18,ecs-prod-web-01,ECS,23.1779,23.1779,63.240,USD
2026-02-18,ecs-prod-web-02,ECS,18.9289,18.6450,52.020,USD
2026-02-18,cce-prod-node-a,CCE_NODE,28.3178,27.8931,75.480,USD
2026-02-18,cce-prod-node-b,CCE_NODE,27.8310,27.4136,75.480,USD
2026-02-18,ecs-dev-sandbox-01,ECS,7.7192,7.7192,21.420,USD
2026-02-18,ecs-qa-legacy-01,ECS,6.9922,6.9922,18.870,USD
2026-02-18,rds-orders-prod,RDS,25.9433,25.9433,70.380,USD
2026-02-18,rds-analytics-prod,RDS,19.7214,19.4256,53.040,USD
2026-02-18,evs-orphan-001,EVS,3.4678,3.4678,9.792,USD
2026-02-18,eip-unbound-001,EIP,1.4056,1.4056,3.876,USD
2026-02-18,obs-platform-logs,OBS,10.1722,10.1722,28.050,USD
2026-02-18,elb-legacy-001,ELB,3.0498,3.0498,8.364,USD
2026-02-18,ecs-ml-prod-01,ECS,17.4208,17.4208,46.920,USD
2026-02-18,cce-dev-node-01,CCE_NODE,12.0153,12.0153,33.660,USD
2026-02-18,ecs-unallocated-01,ECS,5.4194,5.4194,14.790,USD
2026-02-19,ecs-prod-web-01,ECS,23.2619,23.2619,63.240,USD
2026-02-19,ecs-prod-web-02,ECS,18.9328,18.6488,52.020,USD
2026-02-19,cce-prod-node-a,CCE_NODE,27.2366,26.8280,75.480,USD
2026-02-19,cce-prod-node-b,CCE_NODE,27.5446,27.1314,75.480,USD
2026-02-19,ecs-dev-sandbox-01,ECS,7.9367,7.9367,21.420,USD
2026-02-19,ecs-qa-legacy-01,ECS,6.7262,6.7262,18.870,USD
2026-02-19,rds-orders-prod,RDS,25.3684,25.3684,70.380,USD
2026-02-19,rds-analytics-prod,RDS,19.7332,19.4372,53.040,USD
2026-02-19,evs-orphan-001,EVS,3.4471,3.4471,9.792,USD
2026-02-19,eip-unbound-001,EIP,1.4448,1.4448,3.876,USD
2026-02-19,obs-platform-logs,OBS,10.3052,10.3052,28.050,USD
2026-02-19,elb-legacy-001,ELB,3.1343,3.1343,8.364,USD
2026-02-19,ecs-ml-prod-01,ECS,16.4681,16.4681,46.920,USD
2026-02-19,cce-dev-node-01,CCE_NODE,12.3622,12.3622,33.660,USD
2026-02-19,ecs-unallocated-01,ECS,5.5620,5.5620,14.790,USD
2026-02-20,ecs-prod-web-01,ECS,23.1130,23.1130,63.240,USD
2026-02-20,ecs-prod-web-02,ECS,19.0828,18.7965,52.020,USD
2026-02-20,cce-prod-node-a,CCE_NODE,28.0681,27.6471,75.480,USD
2026-02-20,cce-prod-node-b,CCE_NODE,26.7642,26.3627,75.480,USD
2026-02-20,ecs-dev-sandbox-01,ECS,7.7629,7.7629,21.420,USD
2026-02-20,ecs-qa-legacy-01,ECS,6.9693,6.9693,18.870,USD
2026-02-20,rds-orders-prod,RDS,25.6046,25.6046,70.380,USD
2026-02-20,rds-analytics-prod,RDS,19.2644,18.9755,53.040,USD
2026-02-20,evs-orphan-001,EVS,3.5492,3.5492,9.792,USD
2026-02-20,eip-unbound-001,EIP,1.4265,1.4265,3.876,USD
2026-02-20,obs-platform-logs,OBS,10.1867,10.1867,28.050,USD
2026-02-20,elb-legacy-001,ELB,3.0849,3.0849,8.364,USD
2026-02-20,ecs-ml-prod-01,ECS,16.8018,16.8018,46.920,USD
2026-02-20,cce-dev-node-01,CCE_NODE,12.1486,12.1486,33.660,USD
2026-02-20,ecs-unallocated-01,ECS,5.2880,5.2880,14.790,USD
2026-02-21,ecs-prod-web-01,ECS,21.8481,21.8481,58.900,USD
2026-02-21,ecs-prod-web-02,ECS,18.1165,17.8448,48.450,USD
2026-02-21,cce-prod-node-a,CCE_NODE,25.7988,25.4118,70.300,USD
2026-02-21,cce-prod-node-b,CCE_NODE,25.2606,24.8816,70.300,USD
2026-02-21,ecs-dev-sandbox-01,ECS,7.0228,7.0228,19.950,USD
2026-02-21,ecs-qa-legacy-01,ECS,6.5963,6.5963,17.575,USD
2026-02-21,rds-orders-prod,RDS,23.3938,23.3938,65.550,USD
2026-02-21,rds-analytics-prod,RDS,17.4849,17.2227,49.400,USD
2026-02-21,evs-orphan-001,EVS,3.2370,3.2370,9.120,USD
2026-02-21,eip-unbound-001,EIP,1.2867,1.2867,3.610,USD
2026-02-21,obs-platform-logs,OBS,9.6421,9.6421,26.125,USD
2026-02-21,elb-legacy-001,ELB,2.9206,2.9206,7.790,USD
2026-02-21,ecs-ml-prod-01,ECS,15.5412,15.5412,43.700,USD
2026-02-21,cce-dev-node-01,CCE_NODE,11.0379,11.0379,31.350,USD
2026-02-21,ecs-unallocated-01,ECS,5.0094,5.0094,13.775,USD
2026-02-22,ecs-prod-web-01,ECS,21.7188,21.7188,58.900,USD
2026-02-22,ecs-prod-web-02,ECS,17.7481,17.4819,48.450,USD
2026-02-22,cce-prod-node-a,CCE_NODE,26.1846,25.7918,70.300,USD
2026-02-22,cce-prod-node-b,CCE_NODE,24.9239,24.5501,70.300,USD
2026-02-22,ecs-dev-sandbox-01,ECS,7.4195,7.4195,19.950,USD
2026-02-22,ecs-qa-legacy-01,ECS,6.4579,6.4579,17.575,USD
2026-02-22,rds-orders-prod,RDS,24.3298,24.3298,65.550,USD
2026-02-22,rds-analytics-prod,RDS,18.1308,17.8589,49.400,USD
2026-02-22,evs-orphan-001,EVS,3.3470,3.3470,9.120,USD
2026-02-22,eip-unbound-001,EIP,1.2826,1.2826,3.610,USD
2026-02-22,obs-platform-logs,OBS,9.6783,9.6783,26.125,USD
2026-02-22,elb-legacy-001,ELB,2.8833,2.8833,7.790,USD
2026-02-22,ecs-ml-prod-01,ECS,15.8264,15.8264,43.700,USD
2026-02-22,cce-dev-node-01,CCE_NODE,11.2177,11.2177,31.350,USD
2026-02-22,ecs-unallocated-01,ECS,4.8651,4.8651,13.775,USD
2026-02-23,ecs-prod-web-01,ECS,23.1395,23.1395,63.240,USD
2026-02-23,ecs-prod-web-02,ECS,19.5377,19.2447,52.020,USD
2026-02-23,cce-prod-node-a,CCE_NODE,27.3810,26.9703,75.480,USD
2026-02-23,cce-prod-node-b,CCE_NODE,27.3556,26.9452,75.480,USD
2026-02-23,ecs-dev-sandbox-01,ECS,7.8041,7.8041,21.420,USD
2026-02-23,ecs-qa-legacy-01,ECS,6.6677,6.6677,18.870,USD
2026-02-23,rds-orders-prod,RDS,25.8597,25.8597,70.380,USD
2026-02-23,rds-analytics-prod,RDS,18.9814,18.6967,53.040,USD
2026-02-23,evs-orphan-001,EVS,3.4397,3.4397,9.792,USD
2026-02-23,eip-unbound-001,EIP,1.3889,1.3889,3.876,USD
2026-02-23,obs-platform-logs,OBS,10.0607,10.0607,28.050,USD
2026-02-23,elb-legacy-001,ELB,3.1395,3.1395,8.364,USD
2026-02-23,ecs-ml-prod-01,ECS,16.5732,16.5732,46.920,USD
2026-02-23,cce-dev-node-01,CCE_NODE,11.9067,11.9067,33.660,USD
2026-02-23,ecs-unallocated-01,ECS,5.4195,5.4195,14.790,USD
2026-02-24,ecs-prod-web-01,ECS,23.0752,23.0752,63.240,USD
2026-02-24,ecs-prod-web-02,ECS,19.2691,18.9801,52.020,USD
2026-02-24,cce-prod-node-a,CCE_NODE,27.5962,27.1822,75.480,USD
2026-02-24,cce-prod-node-b,CCE_NODE,27.4956,27.0832,75.480,USD
2026-02-24,ecs-dev-sandbox-01,ECS,7.5420,7.5420,21.420,USD
2026-02-24,ecs-qa-legacy-01,ECS,7.0135,7.0135,18.870,USD
2026-02-24,rds-orders-prod,RDS,25.9181,25.9181,70.380,USD
2026-02-24,rds-analytics-prod,RDS,18.7714,18.4898,53.040,USD
2026-02-24,evs-orphan-001,EVS,3.5061,3.5061,9.792,USD
2026-02-24,eip-unbound-001,EIP,1.4075,1.4075,3.876,USD
2026-02-24,obs-platform-logs,OBS,10.1942,10.1942,28.050,USD
2026-02-24,elb-legacy-001,ELB,3.0160,3.0160,8.364,USD
2026-02-24,ecs-ml-prod-01,ECS,17.4586,17.4586,46.920,USD
2026-02-24,cce-dev-node-01,CCE_NODE,11.8451,11.8451,33.660,USD
2026-02-24,ecs-unallocated-01,ECS,5.3965,5.3965,14.790,USD
2026-02-25,ecs-prod-web-01,ECS,22.6595,22.6595,63.240,USD
2026-02-25,ecs-prod-web-02,ECS,19.0107,18.7255,52.020,USD
2026-02-25,cce-prod-node-a,CCE_NODE,28.1849,27.7621,75.480,USD
2026-02-25,cce-prod-node-b,CCE_NODE,27.6279,27.2135,75.480,USD
2026-02-25,ecs-dev-sandbox-01,ECS,8.0466,8.0466,21.420,USD
2026-02-25,ecs-qa-legacy-01,ECS,6.9927,6.9927,18.870,USD
2026-02-25,rds-orders-prod,RDS,24.7153,24.7153,70.380,USD
2026-02-25,rds-analytics-prod,RDS,18.7191,18.4383,53.040,USD
2026-02-25,evs-orphan-001,EVS,3.5286,3.5286,9.792,USD
2026-02-25,eip-unbound-001,EIP,1.4158,1.4158,3.876,USD
2026-02-25,obs-platform-logs,OBS,10.2179,10.2179,28.050,USD
2026-02-25,elb-legacy-001,ELB,3.1198,3.1198,8.364,USD
2026-02-25,ecs-ml-prod-01,ECS,17.5134,17.5134,46.920,USD
2026-02-25,cce-dev-node-01,CCE_NODE,12.1470,12.1470,33.660,USD
2026-02-25,ecs-unallocated-01,ECS,5.4965,5.4965,14.790,USD
2026-02-26,ecs-prod-web-01,ECS,23.6457,23.6457,63.240,USD
2026-02-26,ecs-prod-web-02,ECS,19.0346,18.7490,52.020,USD
2026-02-26,cce-prod-node-a,CCE_NODE,28.2106,27.7875,75.480,USD
2026-02-26,cce-prod-node-b,CCE_NODE,28.2163,27.7930,75.480,USD
2026-02-26,ecs-dev-sandbox-01,ECS,7.9695,7.9695,21.420,USD
2026-02-26,ecs-qa-legacy-01,ECS,7.0981,7.0981,18.870,USD
2026-02-26,rds-orders-prod,RDS,26.1096,26.1096,70.380,USD
2026-02-26,rds-analytics-prod,RDS,18.6936,18.4132,53.040,USD
2026-02-26,evs-orphan-001,EVS,3.6286,3.6286,9.792,USD
2026-02-26,eip-unbound-001,EIP,1.4078,1.4078,3.876,USD
2026-02-26,obs-platform-logs,OBS,10.2773,10.2773,28.050,USD
2026-02-26,elb-legacy-001,ELB,3.0639,3.0639,8.364,USD
2026-02-26,ecs-ml-prod-01,ECS,17.5309,17.5309,46.920,USD
2026-02-26,cce-dev-node-01,CCE_NODE,11.8439,11.8439,33.660,USD
2026-02-26,ecs-unallocated-01,ECS,5.3300,5.3300,14.790,USD
2026-02-27,ecs-prod-web-01,ECS,22.7828,22.7828,63.240,USD
2026-02-27,ecs-prod-web-02,ECS,19.4525,19.1607,52.020,USD
2026-02-27,cce-prod-node-a,CCE_NODE,28.1209,27.6991,75.480,USD
2026-02-27,cce-prod-node-b,CCE_NODE,28.1764,27.7537,75.480,USD
2026-02-27,ecs-dev-sandbox-01,ECS,7.7164,7.7164,21.420,USD
2026-02-27,ecs-qa-legacy-01,ECS,6.9441,6.9441,18.870,USD
2026-02-27,rds-orders-prod,RDS,25.1126,25.1126,70.380,USD
2026-02-27,rds-analytics-prod,RDS,19.3959,19.1050,53.040,USD
2026-02-27,evs-orphan-001,EVS,3.4621,3.4621,9.792,USD
2026-02-27,eip-unbound-001,EIP,1.4009,1.4009,3.876,USD
2026-02-27,obs-platform-logs,OBS,10.3597,10.3597,28.050,USD
2026-02-27,elb-legacy-001,ELB,3.0761,3.0761,8.364,USD
2026-02-27,ecs-ml-prod-01,ECS,17.1332,17.1332,46.920,USD
2026-02-27,cce-dev-node-01,CCE_NODE,12.4115,12.4115,33.660,USD
2026-02-27,ecs-unallocated-01,ECS,5.3448,5.3448,14.790,USD
2026-02-28,ecs-prod-web-01,ECS,20.6764,20.6764,58.900,USD
2026-02-28,ecs-prod-web-02,ECS,18.1139,17.8422,48.450,USD
2026-02-28,cce-prod-node-a,CCE_NODE,24.7671,24.3956,70.300,USD
2026-02-28,cce-prod-node-b,CCE_NODE,26.0058,25.6158,70.300,USD
2026-02-28,ecs-dev-sandbox-01,ECS,7.1499,7.1499,19.950,USD
2026-02-28,ecs-qa-legacy-01,ECS,6.2443,6.2443,17.575,USD
2026-02-28,rds-orders-prod,RDS,23.2166,23.2166,65.550,USD
2026-02-28,rds-analytics-prod,RDS,17.6571,17.3923,49.400,USD
2026-02-28,evs-orphan-001,EVS,3.3293,3.3293,9.120,USD
2026-02-28,eip-unbound-001,EIP,1.3221,1.3221,3.610,USD
2026-02-28,obs-platform-logs,OBS,9.1952,9.1952,26.125,USD
2026-02-28,elb-legacy-001,ELB,2.8086,2.8086,7.790,USD
2026-02-28,ecs-ml-prod-01,ECS,16.3030,16.3030,43.700,USD
2026-02-28,cce-dev-node-01,CCE_NODE,11.2159,11.2159,31.350,USD
2026-02-28,ecs-unallocated-01,ECS,4.8680,4.8680,13.775,USD
2026-03-01,ecs-prod-web-01,ECS,19.7239,19.7239,58.900,USD
2026-03-01,ecs-prod-web-02,ECS,16.6152,16.3660,48.450,USD
2026-03-01,cce-prod-node-a,CCE_NODE,23.4307,23.0793,70.300,USD
2026-03-01,cce-prod-node-b,CCE_NODE,22.8696,22.5266,70.300,USD
2026-03-01,ecs-dev-sandbox-01,ECS,6.5426,6.5426,19.950,USD
2026-03-01,ecs-qa-legacy-01,ECS,5.7802,5.7802,17.575,USD
2026-03-01,rds-orders-prod,RDS,21.3251,21.3251,65.550,USD
2026-03-01,rds-analytics-prod,RDS,16.7432,16.4921,49.400,USD
2026-03-01,evs-orphan-001,EVS,3.0752,3.0752,9.120,USD
2026-03-01,eip-unbound-001,EIP,1.2398,1.2398,3.610,USD
2026-03-01,obs-platform-logs,OBS,8.6519,8.6519,26.125,USD
2026-03-01,elb-legacy-001,ELB,2.5327,2.5327,7.790,USD
2026-03-01,ecs-ml-prod-01,ECS,14.1662,14.1662,43.700,USD
2026-03-01,cce-dev-node-01,CCE_NODE,10.6672,10.6672,31.350,USD
2026-03-01,ecs-unallocated-01,ECS,4.4580,4.4580,13.775,USD
2026-03-02,ecs-prod-web-01,ECS,20.7068,20.7068,63.240,USD
2026-03-02,ecs-prod-web-02,ECS,17.9037,17.6351,52.020,USD
2026-03-02,cce-prod-node-a,CCE_NODE,25.7322,25.3462,75.480,USD
2026-03-02,cce-prod-node-b,CCE_NODE,24.9292,24.5553,75.480,USD
2026-03-02,ecs-dev-sandbox-01,ECS,7.3281,7.3281,21.420,USD
2026-03-02,ecs-qa-legacy-01,ECS,6.2986,6.2986,18.870,USD
2026-03-02,rds-orders-prod,RDS,24.0844,24.0844,70.380,USD
2026-03-02,rds-analytics-prod,RDS,17.3405,17.0804,53.040,USD
2026-03-02,evs-orphan-001,EVS,3.3317,3.3317,9.792,USD
2026-03-02,eip-unbound-001,EIP,1.2713,1.2713,3.876,USD
2026-03-02,obs-platform-logs,OBS,9.6235,9.6235,28.050,USD
2026-03-02,elb-legacy-001,ELB,2.8620,2.8620,8.364,USD
2026-03-02,ecs-ml-prod-01,ECS,16.0282,16.0282,46.920,USD
2026-03-02,cce-dev-node-01,CCE_NODE,11.2819,11.2819,33.660,USD
2026-03-02,ecs-unallocated-01,ECS,5.0821,5.0821,14.790,USD
2026-03-03,ecs-prod-web-01,ECS,20.6317,20.6317,63.240,USD
2026-03-03,ecs-prod-web-02,ECS,16.7815,16.5298,52.020,USD
2026-03-03,cce-prod-node-a,CCE_NODE,25.4460,25.0643,75.480,USD
2026-03-03,cce-prod-node-b,CCE_NODE,25.2096,24.8315,75.480,USD
2026-03-03,ecs-dev-sandbox-01,ECS,6.9789,6.9789,21.420,USD
2026-03-03,ecs-qa-legacy-01,ECS,6.4873,6.4873,18.870,USD
2026-03-03,rds-orders-prod,RDS,23.1497,23.1497,70.380,USD
2026-03-03,rds-analytics-prod,RDS,18.2979,18.0234,53.040,USD
2026-03-03,evs-orphan-001,EVS,3.2902,3.2902,9.792,USD
2026-03-03,eip-unbound-001,EIP,1.3363,1.3363,3.876,USD
2026-03-03,obs-platform-logs,OBS,9.1902,9.1902,28.050,USD
2026-03-03,elb-legacy-001,ELB,2.7236,2.7236,8.364,USD
2026-03-03,ecs-ml-prod-01,ECS,15.7822,15.7822,46.920,USD
2026-03-03,cce-dev-node-01,CCE_NODE,11.1954,11.1954,33.660,USD
2026-03-03,ecs-unallocated-01,ECS,4.7903,4.7903,14.790,USD
2026-03-04,ecs-prod-web-01,ECS,20.6979,20.6979,63.240,USD
2026-03-04,ecs-prod-web-02,ECS,16.9013,16.6478,52.020,USD
2026-03-04,cce-prod-node-a,CCE_NODE,24.9909,24.6160,75.480,USD
2026-03-04,cce-prod-node-b,CCE_NODE,25.9516,25.5624,75.480,USD
2026-03-04,ecs-dev-sandbox-01,ECS,6.9160,6.9160,21.420,USD
2026-03-04,ecs-qa-legacy-01,ECS,6.5109,6.5109,18.870,USD
2026-03-04,rds-orders-prod,RDS,23.0422,23.0422,70.380,USD
2026-03-04,rds-analytics-prod,RDS,17.2017,16.9436,53.040,USD
2026-03-04,evs-orphan-001,EVS,3.3346,3.3346,9.792,USD
2026-03-04,eip-unbound-001,EIP,1.2962,1.2962,3.876,USD
2026-03-04,obs-platform-logs,OBS,9.0932,9.0932,28.050,USD
2026-03-04,elb-legacy-001,ELB,2.7646,2.7646,8.364,USD
2026-03-04,ecs-ml-prod-01,ECS,15.6437,15.6437,46.920,USD
2026-03-04,cce-dev-node-01,CCE_NODE,11.5575,11.5575,33.660,USD
2026-03-04,ecs-unallocated-01,ECS,4.8418,4.8418,14.790,USD
2026-03-05,ecs-prod-web-01,ECS,20.9799,20.9799,63.240,USD
2026-03-05,ecs-prod-web-02,ECS,17.5470,17.2838,52.020,USD
2026-03-05,cce-prod-node-a,CCE_NODE,24.9159,24.5422,75.480,USD
2026-03-05,cce-prod-node-b,CCE_NODE,24.8817,24.5085,75.480,USD
2026-03-05,ecs-dev-sandbox-01,ECS,7.0006,7.0006,21.420,USD
2026-03-05,ecs-qa-legacy-01,ECS,6.4999,6.4999,18.870,USD
2026-03-05,rds-orders-prod,RDS,23.4725,23.4725,70.380,USD
2026-03-05,rds-analytics-prod,RDS,17.2130,16.9548,53.040,USD
2026-03-05,evs-orphan-001,EVS,3.3775,3.3775,9.792,USD
2026-03-05,eip-unbound-001,EIP,1.3133,1.3133,3.876,USD
2026-03-05,obs-platform-logs,OBS,9.5962,9.5962,28.050,USD
2026-03-05,elb-legacy-001,ELB,2.7489,2.7489,8.364,USD
2026-03-05,ecs-ml-prod-01,ECS,16.0418,16.0418,46.920,USD
2026-03-05,cce-dev-node-01,CCE_NODE,11.1618,11.1618,33.660,USD
2026-03-05,ecs-unallocated-01,ECS,5.0983,5.0983,14.790,USD
2026-03-06,ecs-prod-web-01,ECS,20.9308,20.9308,63.240,USD
2026-03-06,ecs-prod-web-02,ECS,17.2595,17.0006,52.020,USD
2026-03-06,cce-prod-node-a,CCE_NODE,24.3797,24.0140,75.480,USD
2026-03-06,cce-prod-node-b,CCE_NODE,24.8264,24.4540,75.480,USD
2026-03-06,ecs-dev-sandbox-01,ECS,7.0305,7.0305,21.420,USD
2026-03-06,ecs-qa-legacy-01,ECS,6.3786,6.3786,18.870,USD
2026-03-06,rds-orders-prod,RDS,23.7252,23.7252,70.380,USD
2026-03-06,rds-analytics-prod,RDS,18.3125,18.0378,53.040,USD
2026-03-06,evs-orphan-001,EVS,3.2927,3.2927,9.792,USD
2026-03-06,eip-unbound-001,EIP,1.2688,1.2688,3.876,USD
2026-03-06,obs-platform-logs,OBS,9.2946,9.2946,28.050,USD
2026-03-06,elb-legacy-001,ELB,2.7496,2.7496,8.364,USD
2026-03-06,ecs-ml-prod-01,ECS,15.6264,15.6264,46.920,USD
2026-03-06,cce-dev-node-01,CCE_NODE,11.0445,11.0445,33.660,USD
2026-03-06,ecs-unallocated-01,ECS,4.8850,4.8850,14.790,USD
2026-03-07,ecs-prod-web-01,ECS,19.8108,19.8108,58.900,USD
2026-03-07,ecs-prod-web-02,ECS,16.1085,15.8668,48.450,USD
2026-03-07,cce-prod-node-a,CCE_NODE,22.7338,22.3928,70.300,USD
2026-03-07,cce-prod-node-b,CCE_NODE,23.9557,23.5964,70.300,USD
2026-03-07,ecs-dev-sandbox-01,ECS,6.8548,6.8548,19.950,USD
2026-03-07,ecs-qa-legacy-01,ECS,5.9690,5.9690,17.575,USD
2026-03-07,rds-orders-prod,RDS,22.5044,22.5044,65.550,USD
2026-03-07,rds-analytics-prod,RDS,16.4212,16.1749,49.400,USD
2026-03-07,evs-orphan-001,EVS,2.9865,2.9865,9.120,USD
2026-03-07,eip-unbound-001,EIP,1.1790,1.1790,3.610,USD
2026-03-07,obs-platform-logs,OBS,8.8989,8.8989,26.125,USD
2026-03-07,elb-legacy-001,ELB,2.5358,2.5358,7.790,USD
2026-03-07,ecs-ml-prod-01,ECS,14.3736,14.3736,43.700,USD
2026-03-07,cce-dev-node-01,CCE_NODE,10.4806,10.4806,31.350,USD
2026-03-07,ecs-unallocated-01,ECS,4.4820,4.4820,13.775,USD
2026-03-08,ecs-prod-web-01,ECS,19.0525,19.0525,58.900,USD
2026-03-08,ecs-prod-web-02,ECS,15.6971,15.4616,48.450,USD
2026-03-08,cce-prod-node-a,CCE_NODE,22.7629,22.4215,70.300,USD
2026-03-08,cce-prod-node-b,CCE_NODE,23.4026,23.0516,70.300,USD
2026-03-08,ecs-dev-sandbox-01,ECS,6.8442,6.8442,19.950,USD
2026-03-08,ecs-qa-legacy-01,ECS,5.8589,5.8589,17.575,USD
2026-03-08,rds-orders-prod,RDS,21.6512,21.6512,65.550,USD
2026-03-08,rds-analytics-prod,RDS,16.5837,16.3349,49.400,USD
2026-03-08,evs-orphan-001,EVS,3.1361,3.1361,9.120,USD
2026-03-08,eip-unbound-001,EIP,1.2386,1.2386,3.610,USD
2026-03-08,obs-platform-logs,OBS,8.6680,8.6680,26.125,USD
2026-03-08,elb-legacy-001,ELB,2.6556,2.6556,7.790,USD
2026-03-08,ecs-ml-prod-01,ECS,14.6444,14.6444,43.700,USD
2026-03-08,cce-dev-node-01,CCE_NODE,10.6149,10.6149,31.350,USD
2026-03-08,ecs-unallocated-01,ECS,4.4516,4.4516,13.775,USD
2026-03-09,ecs-prod-web-01,ECS,21.8391,21.8391,63.240,USD
2026-03-09,ecs-prod-web-02,ECS,17.6040,17.3399,52.020,USD
2026-03-09,cce-prod-node-a,CCE_NODE,24.9557,24.5814,75.480,USD
2026-03-09,cce-prod-node-b,CCE_NODE,25.8436,25.4560,75.480,USD
2026-03-09,ecs-dev-sandbox-01,ECS,7.3943,7.3943,21.420,USD
2026-03-09,ecs-qa-legacy-01,ECS,6.2175,6.2175,18.870,USD
2026-03-09,rds-orders-prod,RDS,23.6353,23.6353,70.380,USD
2026-03-09,rds-analytics-prod,RDS,17.7748,17.5082,53.040,USD
2026-03-09,evs-orphan-001,EVS,3.2082,3.2082,9.792,USD
2026-03-09,eip-unbound-001,EIP,1.2834,1.2834,3.876,USD
2026-03-09,obs-platform-logs,OBS,9.2975,9.2975,28.050,USD
2026-03-09,elb-legacy-001,ELB,2.6994,2.6994,8.364,USD
2026-03-09,ecs-ml-prod-01,ECS,15.8519,15.8519,46.920,USD
2026-03-09,cce-dev-node-01,CCE_NODE,11.3930,11.3930,33.660,USD
2026-03-09,ecs-unallocated-01,ECS,4.9630,4.9630,14.790,USD
2026-03-10,ecs-prod-web-01,ECS,21.3736,21.3736,63.240,USD
2026-03-10,ecs-prod-web-02,ECS,17.3807,17.1199,52.020,USD
2026-03-10,cce-prod-node-a,CCE_NODE,26.0643,25.6733,75.480,USD
2026-03-10,cce-prod-node-b,CCE_NODE,24.6746,24.3044,75.480,USD
2026-03-10,ecs-dev-sandbox-01,ECS,7.4018,7.4018,21.420,USD
2026-03-10,ecs-qa-legacy-01,ECS,6.1577,6.1577,18.870,USD
2026-03-10,rds-orders-prod,RDS,23.7931,23.7931,70.380,USD
2026-03-10,rds-analytics-prod,RDS,18.0749,17.8038,53.040,USD
2026-03-10,evs-orphan-001,EVS,3.2015,3.2015,9.792,USD
2026-03-10,eip-unbound-001,EIP,1.2738,1.2738,3.876,USD
2026-03-10,obs-platform-logs,OBS,9.6372,9.6372,28.050,USD
2026-03-10,elb-legacy-001,ELB,2.7177,2.7177,8.364,USD
2026-03-10,ecs-ml-prod-01,ECS,15.5443,15.5443,46.920,USD
2026-03-10,cce-dev-node-01,CCE_NODE,10.9951,10.9951,33.660,USD
2026-03-10,ecs-unallocated-01,ECS,4.7710,4.7710,14.790,USD
2026-03-11,ecs-prod-web-01,ECS,21.7228,21.7228,63.240,USD
2026-03-11,ecs-prod-web-02,ECS,17.5007,17.2382,52.020,USD
2026-03-11,cce-prod-node-a,CCE_NODE,24.5151,24.1474,75.480,USD
2026-03-11,cce-prod-node-b,CCE_NODE,25.6194,25.2351,75.480,USD
2026-03-11,ecs-dev-sandbox-01,ECS,6.9548,6.9548,21.420,USD
2026-03-11,ecs-qa-legacy-01,ECS,6.2079,6.2079,18.870,USD
2026-03-11,rds-orders-prod,RDS,24.3117,24.3117,70.380,USD
2026-03-11,rds-analytics-prod,RDS,17.7733,17.5067,53.040,USD
2026-03-11,evs-orphan-001,EVS,3.3766,3.3766,9.792,USD
2026-03-11,eip-unbound-001,EIP,1.3101,1.3101,3.876,USD
2026-03-11,obs-platform-logs,OBS,9.1115,9.1115,28.050,USD
2026-03-11,elb-legacy-001,ELB,2.8085,2.8085,8.364,USD
2026-03-11,ecs-ml-prod-01,ECS,16.1095,16.1095,46.920,USD
2026-03-11,cce-dev-node-01,CCE_NODE,11.1608,11.1608,33.660,USD
2026-03-11,ecs-unallocated-01,ECS,4.8391,4.8391,14.790,USD
2026-03-12,ecs-prod-web-01,ECS,21.3053,21.3053,63.240,USD
2026-03-12,ecs-prod-web-02,ECS,17.6490,17.3843,52.020,USD
2026-03-12,cce-prod-node-a,CCE_NODE,25.4766,25.0944,75.480,USD
2026-03-12,cce-prod-node-b,CCE_NODE,25.0912,24.7148,75.480,USD
2026-03-12,ecs-dev-sandbox-01,ECS,7.3426,7.3426,21.420,USD
2026-03-12,ecs-qa-legacy-01,ECS,6.4388,6.4388,18.870,USD
2026-03-12,rds-orders-prod,RDS,23.6625,23.6625,70.380,USD
2026-03-12,rds-analytics-prod,RDS,17.6934,17.4280,53.040,USD
2026-03-12,evs-orphan-001,EVS,3.2040,3.2040,9.792,USD
2026-03-12,eip-unbound-001,EIP,1.3215,1.3215,3.876,USD
2026-03-12,obs-platform-logs,OBS,9.2456,9.2456,28.050,USD
2026-03-12,elb-legacy-001,ELB,2.7170,2.7170,8.364,USD
2026-03-12,ecs-ml-prod-01,ECS,15.4837,15.4837,46.920,USD
2026-03-12,cce-dev-node-01,CCE_NODE,11.3123,11.3123,33.660,USD
2026-03-12,ecs-unallocated-01,ECS,4.7934,4.7934,14.790,USD
2026-03-13,ecs-prod-web-01,ECS,21.8143,21.8143,63.240,USD
2026-03-13,ecs-prod-web-02,ECS,17.1461,16.8889,52.020,USD
2026-03-13,cce-prod-node-a,CCE_NODE,24.5940,24.2251,75.480,USD
2026-03-13,cce-prod-node-b,CCE_NODE,25.5822,25.1984,75.480,USD
2026-03-13,ecs-dev-sandbox-01,ECS,7.0220,7.0220,21.420,USD
2026-03-13,ecs-qa-legacy-01,ECS,6.0885,6.0885,18.870,USD
2026-03-13,rds-orders-prod,RDS,22.8005,22.8005,70.380,USD
2026-03-13,rds-analytics-prod,RDS,17.7294,17.4635,53.040,USD
2026-03-13,evs-orphan-001,EVS,3.3507,3.3507,9.792,USD
2026-03-13,eip-unbound-001,EIP,1.3097,1.3097,3.876,USD
2026-03-13,obs-platform-logs,OBS,9.1746,9.1746,28.050,USD
2026-03-13,elb-legacy-001,ELB,2.8195,2.8195,8.364,USD
2026-03-13,ecs-ml-prod-01,ECS,15.7102,15.7102,46.920,USD
2026-03-13,cce-dev-node-01,CCE_NODE,11.2005,11.2005,33.660,USD
2026-03-13,ecs-unallocated-01,ECS,5.0125,5.0125,14.790,USD
2026-03-14,ecs-prod-web-01,ECS,20.2753,20.2753,58.900,USD
2026-03-14,ecs-prod-web-02,ECS,16.5931,16.3442,48.450,USD
2026-03-14,cce-prod-node-a,CCE_NODE,24.1178,23.7560,70.300,USD
2026-03-14,cce-prod-node-b,CCE_NODE,23.4950,23.1425,70.300,USD
2026-03-14,ecs-dev-sandbox-01,ECS,6.6576,6.6576,19.950,USD
2026-03-14,ecs-qa-legacy-01,ECS,5.8087,5.8087,17.575,USD
2026-03-14,rds-orders-prod,RDS,22.6292,22.6292,65.550,USD
2026-03-14,rds-analytics-prod,RDS,16.8473,16.5946,49.400,USD
2026-03-14,evs-orphan-001,EVS,3.0506,3.0506,9.120,USD
2026-03-14,eip-unbound-001,EIP,1.2136,1.2136,3.610,USD
2026-03-14,obs-platform-logs,OBS,8.5231,8.5231,26.125,USD
2026-03-14,elb-legacy-001,ELB,2.6780,2.6780,7.790,USD
2026-03-14,ecs-ml-prod-01,ECS,14.1156,14.1156,43.700,USD
2026-03-14,cce-dev-node-01,CCE_NODE,10.8100,10.8100,31.350,USD
2026-03-14,ecs-unallocated-01,ECS,4.6839,4.6839,13.775,USD
2026-03-15,ecs-prod-web-01,ECS,20.3506,20.3506,58.900,USD
2026-03-15,ecs-prod-web-02,ECS,16.6872,16.4369,48.450,USD
2026-03-15,cce-prod-node-a,CCE_NODE,24.0026,23.6426,70.300,USD
2026-03-15,cce-prod-node-b,CCE_NODE,23.9099,23.5512,70.300,USD
2026-03-15,ecs-dev-sandbox-01,ECS,6.5428,6.5428,19.950,USD
2026-03-15,ecs-qa-legacy-01,ECS,5.9477,5.9477,17.575,USD
2026-03-15,rds-orders-prod,RDS,22.2875,22.2875,65.550,USD
2026-03-15,rds-analytics-prod,RDS,16.8893,16.6360,49.400,USD
2026-03-15,evs-orphan-001,EVS,2.9586,2.9586,9.120,USD
2026-03-15,eip-unbound-001,EIP,1.2284,1.2284,3.610,USD
2026-03-15,obs-platform-logs,OBS,8.9212,8.9212,26.125,USD
2026-03-15,elb-legacy-001,ELB,2.5605,2.5605,7.790,USD
2026-03-15,ecs-ml-prod-01,ECS,15.0498,15.0498,43.700,USD
2026-03-15,cce-dev-node-01,CCE_NODE,10.3285,10.3285,31.350,USD
2026-03-15,ecs-unallocated-01,ECS,4.6497,4.6497,13.775,USD
2026-03-16,ecs-prod-web-01,ECS,21.1773,21.1773,63.240,USD
2026-03-16,ecs-prod-web-02,ECS,17.7093,17.4437,52.020,USD
2026-03-16,cce-prod-node-a,CCE_NODE,26.0027,25.6126,75.480,USD
2026-03-16,cce-prod-node-b,CCE_NODE,25.3143,24.9346,75.480,USD
2026-03-16,ecs-dev-sandbox-01,ECS,7.1855,7.1855,21.420,USD
2026-03-16,ecs-qa-legacy-01,ECS,6.1063,6.1063,18.870,USD
2026-03-16,rds-orders-prod,RDS,23.1466,23.1466,70.380,USD
2026-03-16,rds-analytics-prod,RDS,17.7025,17.4369,53.040,USD
2026-03-16,evs-orphan-001,EVS,3.2077,3.2077,9.792,USD
2026-03-16,eip-unbound-001,EIP,1.3149,1.3149,3.876,USD
2026-03-16,obs-platform-logs,OBS,9.5382,9.5382,28.050,USD
2026-03-16,elb-legacy-001,ELB,2.7683,2.7683,8.364,USD
2026-03-16,ecs-ml-prod-01,ECS,15.6377,15.6377,46.920,USD
2026-03-16,cce-dev-node-01,CCE_NODE,11.3553,11.3553,33.660,USD
2026-03-16,ecs-unallocated-01,ECS,5.0517,5.0517,14.790,USD
2026-03-17,ecs-prod-web-01,ECS,20.8941,20.8941,63.240,USD
2026-03-17,ecs-prod-web-02,ECS,17.8925,17.6242,52.020,USD
2026-03-17,cce-prod-node-a,CCE_NODE,25.1993,24.8213,75.480,USD
2026-03-17,cce-prod-node-b,CCE_NODE,24.6666,24.2966,75.480,USD
2026-03-17,ecs-dev-sandbox-01,ECS,7.0022,7.0022,21.420,USD
2026-03-17,ecs-qa-legacy-01,ECS,6.1399,6.1399,18.870,USD
2026-03-17,rds-orders-prod,RDS,23.5017,23.5017,70.380,USD
2026-03-17,rds-analytics-prod,RDS,18.3272,18.0523,53.040,USD
2026-03-17,evs-orphan-001,EVS,3.3147,3.3147,9.792,USD
2026-03-17,eip-unbound-001,EIP,1.3134,1.3134,3.876,USD
2026-03-17,obs-platform-logs,OBS,9.6668,9.6668,28.050,USD
2026-03-17,elb-legacy-001,ELB,2.7399,2.7399,8.364,USD
2026-03-17,ecs-ml-prod-01,ECS,15.9388,15.9388,46.920,USD
2026-03-17,cce-dev-node-01,CCE_NODE,11.5653,11.5653,33.660,USD
2026-03-17,ecs-unallocated-01,ECS,4.8560,4.8560,14.790,USD
2026-03-18,ecs-prod-web-01,ECS,21.3698,21.3698,63.240,USD
2026-03-18,ecs-prod-web-02,ECS,17.3043,17.0447,52.020,USD
2026-03-18,cce-prod-node-a,CCE_NODE,25.4515,25.0697,75.480,USD
2026-03-18,cce-prod-node-b,CCE_NODE,25.0727,24.6966,75.480,USD
2026-03-18,ecs-dev-sandbox-01,ECS,7.1123,7.1123,21.420,USD
2026-03-18,ecs-qa-legacy-01,ECS,6.1780,6.1780,18.870,USD
2026-03-18,rds-orders-prod,RDS,23.3083,23.3083,70.380,USD
2026-03-18,rds-analytics-prod,RDS,17.7532,17.4869,53.040,USD
2026-03-18,evs-orphan-001,EVS,3.2958,3.2958,9.792,USD
2026-03-18,eip-unbound-001,EIP,1.2746,1.2746,3.876,USD
2026-03-18,obs-platform-logs,OBS,9.3667,9.3667,28.050,USD
2026-03-18,elb-legacy-001,ELB,2.8753,2.8753,8.364,USD
2026-03-18,ecs-ml-prod-01,ECS,15.4343,15.4343,46.920,USD
2026-03-18,cce-dev-node-01,CCE_NODE,11.2037,11.2037,33.660,USD
2026-03-18,ecs-unallocated-01,ECS,4.9325,4.9325,14.790,USD
2026-03-19,ecs-prod-web-01,ECS,20.5700,20.5700,63.240,USD
2026-03-19,ecs-prod-web-02,ECS,17.6331,17.3686,52.020,USD
2026-03-19,cce-prod-node-a,CCE_NODE,25.2495,24.8707,75.480,USD
2026-03-19,cce-prod-node-b,CCE_NODE,25.0985,24.7221,75.480,USD
2026-03-19,ecs-dev-sandbox-01,ECS,7.0682,7.0682,21.420,USD
2026-03-19,ecs-qa-legacy-01,ECS,6.1820,6.1820,18.870,USD
2026-03-19,rds-orders-prod,RDS,23.6056,23.6056,70.380,USD
2026-03-19,rds-analytics-prod,RDS,18.3378,18.0627,53.040,USD
2026-03-19,evs-orphan-001,EVS,3.2379,3.2379,9.792,USD
2026-03-19,eip-unbound-001,EIP,1.2976,1.2976,3.876,USD
2026-03-19,obs-platform-logs,OBS,9.5763,9.5763,28.050,USD
2026-03-19,elb-legacy-001,ELB,2.7772,2.7772,8.364,USD
2026-03-19,ecs-ml-prod-01,ECS,15.3165,15.3165,46.920,USD
2026-03-19,cce-dev-node-01,CCE_NODE,11.1071,11.1071,33.660,USD
2026-03-19,ecs-unallocated-01,ECS,5.0364,5.0364,14.790,USD
2026-03-20,ecs-prod-web-01,ECS,21.8110,21.8110,63.240,USD
2026-03-20,ecs-prod-web-02,ECS,17.2602,17.0013,52.020,USD
2026-03-20,cce-prod-node-a,CCE_NODE,25.9308,25.5419,75.480,USD
2026-03-20,cce-prod-node-b,CCE_NODE,24.6944,24.3240,75.480,USD
2026-03-20,ecs-dev-sandbox-01,ECS,6.9309,6.9309,21.420,USD
2026-03-20,ecs-qa-legacy-01,ECS,6.3783,6.3783,18.870,USD
2026-03-20,rds-orders-prod,RDS,23.3017,23.3017,70.380,USD
2026-03-20,rds-analytics-prod,RDS,18.1763,17.9036,53.040,USD
2026-03-20,evs-orphan-001,EVS,3.2462,3.2462,9.792,USD
2026-03-20,eip-unbound-001,EIP,1.2562,1.2562,3.876,USD
2026-03-20,obs-platform-logs,OBS,9.3412,9.3412,28.050,USD
2026-03-20,elb-legacy-001,ELB,2.7858,2.7858,8.364,USD
2026-03-20,ecs-ml-prod-01,ECS,15.2647,15.2647,46.920,USD
2026-03-20,cce-dev-node-01,CCE_NODE,11.4015,11.4015,33.660,USD
2026-03-20,ecs-unallocated-01,ECS,4.9133,4.9133,14.790,USD
2026-03-21,ecs-prod-web-01,ECS,19.6613,19.6613,58.900,USD
2026-03-21,ecs-prod-web-02,ECS,15.6905,15.4552,48.450,USD
2026-03-21,cce-prod-node-a,CCE_NODE,24.1431,23.7810,70.300,USD
2026-03-21,cce-prod-node-b,CCE_NODE,22.8351,22.4925,70.300,USD
2026-03-21,ecs-dev-sandbox-01,ECS,6.6611,6.6611,19.950,USD
2026-03-21,ecs-qa-legacy-01,ECS,6.0137,6.0137,17.575,USD
2026-03-21,rds-orders-prod,RDS,22.6049,22.6049,65.550,USD
2026-03-21,rds-analytics-prod,RDS,16.4639,16.2170,49.400,USD
2026-03-21,evs-orphan-001,EVS,2.9503,2.9503,9.120,USD
2026-03-21,eip-unbound-001,EIP,1.2403,1.2403,3.610,USD
2026-03-21,obs-platform-logs,OBS,8.5375,8.5375,26.125,USD
2026-03-21,elb-legacy-001,ELB,2.6780,2.6780,7.790,USD
2026-03-21,ecs-ml-prod-01,ECS,14.7607,14.7607,43.700,USD
2026-03-21,cce-dev-node-01,CCE_NODE,10.6281,10.6281,31.350,USD
2026-03-21,ecs-unallocated-01,ECS,4.7331,4.7331,13.775,USD
2026-03-22,ecs-prod-web-01,ECS,20.1420,20.1420,58.900,USD
2026-03-22,ecs-prod-web-02,ECS,15.8150,15.5777,48.450,USD
2026-03-22,cce-prod-node-a,CCE_NODE,22.8754,22.5322,70.300,USD
2026-03-22,cce-prod-node-b,CCE_NODE,23.8257,23.4683,70.300,USD
2026-03-22,ecs-dev-sandbox-01,ECS,6.5100,6.5100,19.950,USD
2026-03-22,ecs-qa-legacy-01,ECS,5.7143,5.7143,17.575,USD
2026-03-22,rds-orders-prod,RDS,21.4322,21.4322,65.550,USD
2026-03-22,rds-analytics-prod,RDS,17.0526,16.7968,49.400,USD
2026-03-22,evs-orphan-001,EVS,3.1307,3.1307,9.120,USD
2026-03-22,eip-unbound-001,EIP,1.1691,1.1691,3.610,USD
2026-03-22,obs-platform-logs,OBS,8.6190,8.6190,26.125,USD
2026-03-22,elb-legacy-001,ELB,2.5947,2.5947,7.790,USD
2026-03-22,ecs-ml-prod-01,ECS,14.3648,14.3648,43.700,USD
2026-03-22,cce-dev-node-01,CCE_NODE,10.3281,10.3281,31.350,USD
2026-03-22,ecs-unallocated-01,ECS,4.7454,4.7454,13.775,USD
2026-03-23,ecs-prod-web-01,ECS,21.1844,21.1844,63.240,USD
2026-03-23,ecs-prod-web-02,ECS,17.8724,17.6044,52.020,USD
2026-03-23,cce-prod-node-a,CCE_NODE,25.3607,24.9803,75.480,USD
2026-03-23,cce-prod-node-b,CCE_NODE,26.0756,25.6844,75.480,USD
2026-03-23,ecs-dev-sandbox-01,ECS,7.2022,7.2022,21.420,USD
2026-03-23,ecs-qa-legacy-01,ECS,6.3506,6.3506,18.870,USD
2026-03-23,rds-orders-prod,RDS,23.3436,23.3436,70.380,USD
2026-03-23,rds-analytics-prod,RDS,17.1100,16.8534,53.040,USD
2026-03-23,evs-orphan-001,EVS,3.2151,3.2151,9.792,USD
2026-03-23,eip-unbound-001,EIP,1.3394,1.3394,3.876,USD
2026-03-23,obs-platform-logs,OBS,9.2768,9.2768,28.050,USD
2026-03-23,elb-legacy-001,ELB,2.7231,2.7231,8.364,USD
2026-03-23,ecs-ml-prod-01,ECS,15.9274,15.9274,46.920,USD
2026-03-23,cce-dev-node-01,CCE_NODE,11.0859,11.0859,33.660,USD
2026-03-23,ecs-unallocated-01,ECS,4.9261,4.9261,14.790,USD
2026-03-24,ecs-prod-web-01,ECS,20.8277,20.8277,63.240,USD
2026-03-24,ecs-prod-web-02,ECS,17.8151,17.5479,52.020,USD
2026-03-24,cce-prod-node-a,CCE_NODE,25.3922,25.0113,75.480,USD
2026-03-24,cce-prod-node-b,CCE_NODE,24.9193,24.5455,75.480,USD
2026-03-24,ecs-dev-sandbox-01,ECS,7.0515,7.0515,21.420,USD
2026-03-24,ecs-qa-legacy-01,ECS,6.2626,6.2626,18.870,USD
2026-03-24,rds-orders-prod,RDS,22.7284,22.7284,70.380,USD
2026-03-24,rds-analytics-prod,RDS,18.1247,17.8528,53.040,USD
2026-03-24,evs-orphan-001,EVS,3.1843,3.1843,9.792,USD
2026-03-24,eip-unbound-001,EIP,1.3304,1.3304,3.876,USD
2026-03-24,obs-platform-logs,OBS,9.3135,9.3135,28.050,USD
2026-03-24,elb-legacy-001,ELB,2.8264,2.8264,8.364,USD
2026-03-24,ecs-ml-prod-01,ECS,15.2426,15.2426,46.920,USD
2026-03-24,cce-dev-node-01,CCE_NODE,11.4481,11.4481,33.660,USD
2026-03-24,ecs-unallocated-01,ECS,4.9209,4.9209,14.790,USD
2026-03-25,ecs-prod-web-01,ECS,21.5073,21.5073,63.240,USD
2026-03-25,ecs-prod-web-02,ECS,17.6156,17.3514,52.020,USD
2026-03-25,cce-prod-node-a,CCE_NODE,25.4183,25.0370,75.480,USD
2026-03-25,cce-prod-node-b,CCE_NODE,24.8436,24.4709,75.480,USD
2026-03-25,ecs-dev-sandbox-01,ECS,7.0379,7.0379,21.420,USD
2026-03-25,ecs-qa-legacy-01,ECS,6.3164,6.3164,18.870,USD
2026-03-25,rds-orders-prod,RDS,22.9414,22.9414,70.380,USD
2026-03-25,rds-analytics-prod,RDS,17.3156,17.0559,53.040,USD
2026-03-25,evs-orphan-001,EVS,3.3614,3.3614,9.792,USD
2026-03-25,eip-unbound-001,EIP,1.2804,1.2804,3.876,USD
2026-03-25,obs-platform-logs,OBS,9.0995,9.0995,28.050,USD
2026-03-25,elb-legacy-001,ELB,2.7109,2.7109,8.364,USD
2026-03-25,ecs-ml-prod-01,ECS,15.5555,15.5555,46.920,USD
2026-03-25,cce-dev-node-01,CCE_NODE,10.9310,10.9310,33.660,USD
2026-03-25,ecs-unallocated-01,ECS,4.8753,4.8753,14.790,USD
2026-03-26,ecs-prod-web-01,ECS,21.6607,21.6607,63.240,USD
2026-03-26,ecs-prod-web-02,ECS,17.5184,17.2556,52.020,USD
2026-03-26,cce-prod-node-a,CCE_NODE,25.4485,25.0668,75.480,USD
2026-03-26,cce-prod-node-b,CCE_NODE,25.4489,25.0672,75.480,USD
2026-03-26,ecs-dev-sandbox-01,ECS,7.0371,7.0371,21.420,USD
2026-03-26,ecs-qa-legacy-01,ECS,6.1688,6.1688,18.870,USD
2026-03-26,rds-orders-prod,RDS,24.0987,24.0987,70.380,USD
2026-03-26,rds-analytics-prod,RDS,18.0854,17.8142,53.040,USD
2026-03-26,evs-orphan-001,EVS,3.3619,3.3619,9.792,USD
2026-03-26,eip-unbound-001,EIP,1.3298,1.3298,3.876,USD
2026-03-26,obs-platform-logs,OBS,9.6590,9.6590,28.050,USD
2026-03-26,elb-legacy-001,ELB,2.8186,2.8186,8.364,USD
2026-03-26,ecs-ml-prod-01,ECS,15.8098,15.8098,46.920,USD
2026-03-26,cce-dev-node-01,CCE_NODE,11.2400,11.2400,33.660,USD
2026-03-26,ecs-unallocated-01,ECS,4.7907,4.7907,14.790,USD
2026-03-27,ecs-prod-web-01,ECS,20.8212,20.8212,63.240,USD
2026-03-27,ecs-prod-web-02,ECS,17.9576,17.6883,52.020,USD
2026-03-27,cce-prod-node-a,CCE_NODE,25.7939,25.4070,75.480,USD
2026-03-27,cce-prod-node-b,CCE_NODE,25.8177,25.4304,75.480,USD
2026-03-27,ecs-dev-sandbox-01,ECS,6.9646,6.9646,21.420,USD
2026-03-27,ecs-qa-legacy-01,ECS,6.2087,6.2087,18.870,USD
2026-03-27,rds-orders-prod,RDS,24.1050,24.1050,70.380,USD
2026-03-27,rds-analytics-prod,RDS,17.5687,17.3052,53.040,USD
2026-03-27,evs-orphan-001,EVS,3.3190,3.3190,9.792,USD
2026-03-27,eip-unbound-001,EIP,1.3175,1.3175,3.876,USD
2026-03-27,obs-platform-logs,OBS,9.3812,9.3812,28.050,USD
2026-03-27,elb-legacy-001,ELB,2.7535,2.7535,8.364,USD
2026-03-27,ecs-ml-prod-01,ECS,15.7444,15.7444,46.920,USD
2026-03-27,cce-dev-node-01,CCE_NODE,11.0862,11.0862,33.660,USD
2026-03-27,ecs-unallocated-01,ECS,4.9024,4.9024,14.790,USD
2026-03-28,ecs-prod-web-01,ECS,20.0588,20.0588,58.900,USD
2026-03-28,ecs-prod-web-02,ECS,15.6583,15.4234,48.450,USD
2026-03-28,cce-prod-node-a,CCE_NODE,24.3151,23.9504,70.300,USD
2026-03-28,cce-prod-node-b,CCE_NODE,22.8233,22.4810,70.300,USD
2026-03-28,ecs-dev-sandbox-01,ECS,6.6795,6.6795,19.950,USD
2026-03-28,ecs-qa-legacy-01,ECS,5.8996,5.8996,17.575,USD
2026-03-28,rds-orders-prod,RDS,21.6821,21.6821,65.550,USD
2026-03-28,rds-analytics-prod,RDS,16.7851,16.5333,49.400,USD
2026-03-28,evs-orphan-001,EVS,2.9703,2.9703,9.120,USD
2026-03-28,eip-unbound-001,EIP,1.1918,1.1918,3.610,USD
2026-03-28,obs-platform-logs,OBS,8.9568,8.9568,26.125,USD
2026-03-28,elb-legacy-001,ELB,2.5237,2.5237,7.790,USD
2026-03-28,ecs-ml-prod-01,ECS,14.4468,14.4468,43.700,USD
2026-03-28,cce-dev-node-01,CCE_NODE,10.8359,10.8359,31.350,USD
2026-03-28,ecs-unallocated-01,ECS,4.4715,4.4715,13.775,USD
2026-03-29,ecs-prod-web-01,ECS,19.3154,19.3154,58.900,USD
2026-03-29,ecs-prod-web-02,ECS,16.2776,16.0334,48.450,USD
2026-03-29,cce-prod-node-a,CCE_NODE,24.1938,23.8309,70.300,USD
2026-03-29,cce-prod-node-b,CCE_NODE,22.9009,22.5574,70.300,USD
2026-03-29,ecs-dev-sandbox-01,ECS,6.8468,6.8468,19.950,USD
2026-03-29,ecs-qa-legacy-01,ECS,5.8211,5.8211,17.575,USD
2026-03-29,rds-orders-prod,RDS,21.9345,21.9345,65.550,USD
2026-03-29,rds-analytics-prod,RDS,16.8871,16.6338,49.400,USD
2026-03-29,evs-orphan-001,EVS,3.1119,3.1119,9.120,USD
2026-03-29,eip-unbound-001,EIP,1.1647,1.1647,3.610,USD
2026-03-29,obs-platform-logs,OBS,8.7887,8.7887,26.125,USD
2026-03-29,elb-legacy-001,ELB,2.5942,2.5942,7.790,USD
2026-03-29,ecs-ml-prod-01,ECS,14.2152,14.2152,43.700,USD
2026-03-29,cce-dev-node-01,CCE_NODE,10.4857,10.4857,31.350,USD
2026-03-29,ecs-unallocated-01,ECS,4.4470,4.4470,13.775,USD
2026-03-30,ecs-prod-web-01,ECS,21.5373,21.5373,63.240,USD
2026-03-30,ecs-prod-web-02,ECS,17.5153,17.2526,52.020,USD
2026-03-30,cce-prod-node-a,CCE_NODE,25.1186,24.7418,75.480,USD
2026-03-30,cce-prod-node-b,CCE_NODE,24.7836,24.4118,75.480,USD
2026-03-30,ecs-dev-sandbox-01,ECS,6.9570,6.9570,21.420,USD
2026-03-30,ecs-qa-legacy-01,ECS,6.4488,6.4488,18.870,USD
2026-03-30,rds-orders-prod,RDS,23.4532,23.4532,70.380,USD
2026-03-30,rds-analytics-prod,RDS,17.4328,17.1713,53.040,USD
2026-03-30,evs-orphan-001,EVS,3.2584,3.2584,9.792,USD
2026-03-30,eip-unbound-001,EIP,1.2564,1.2564,3.876,USD
2026-03-30,obs-platform-logs,OBS,9.3006,9.3006,28.050,USD
2026-03-30,elb-legacy-001,ELB,2.7685,2.7685,8.364,USD
2026-03-30,ecs-ml-prod-01,ECS,15.6082,15.6082,46.920,USD
2026-03-30,cce-dev-node-01,CCE_NODE,11.0525,11.0525,33.660,USD
2026-03-30,ecs-unallocated-01,ECS,5.0515,5.0515,14.790,USD
2026-03-31,ecs-prod-web-01,ECS,20.7878,20.7878,63.240,USD
2026-03-31,ecs-prod-web-02,ECS,17.7735,17.5069,52.020,USD
2026-03-31,cce-prod-node-a,CCE_NODE,25.6132,25.2290,75.480,USD
2026-03-31,cce-prod-node-b,CCE_NODE,24.8560,24.4832,75.480,USD
2026-03-31,ecs-dev-sandbox-01,ECS,7.2797,7.2797,21.420,USD
2026-03-31,ecs-qa-legacy-01,ECS,6.2164,6.2164,18.870,USD
2026-03-31,rds-orders-prod,RDS,23.1203,23.1203,70.380,USD
2026-03-31,rds-analytics-prod,RDS,17.3816,17.1209,53.040,USD
2026-03-31,evs-orphan-001,EVS,3.3591,3.3591,9.792,USD
2026-03-31,eip-unbound-001,EIP,1.3099,1.3099,3.876,USD
2026-03-31,obs-platform-logs,OBS,9.4444,9.4444,28.050,USD
2026-03-31,elb-legacy-001,ELB,2.7716,2.7716,8.364,USD
2026-03-31,ecs-ml-prod-01,ECS,15.7106,15.7106,46.920,USD
2026-03-31,cce-dev-node-01,CCE_NODE,11.3306,11.3306,33.660,USD
2026-03-31,ecs-unallocated-01,ECS,4.9759,4.9759,14.790,USD
2026-04-01,ecs-prod-web-01,ECS,22.0594,22.0594,63.240,USD
2026-04-01,ecs-prod-web-02,ECS,18.3105,18.0358,52.020,USD
2026-04-01,cce-prod-node-a,CCE_NODE,27.1896,26.7818,75.480,USD
2026-04-01,cce-prod-node-b,CCE_NODE,27.0243,26.6189,75.480,USD
2026-04-01,ecs-dev-sandbox-01,ECS,7.5416,7.5416,21.420,USD
2026-04-01,ecs-qa-legacy-01,ECS,6.4140,6.4140,18.870,USD
2026-04-01,rds-orders-prod,RDS,23.9799,23.9799,70.380,USD
2026-04-01,rds-analytics-prod,RDS,19.2043,18.9162,53.040,USD
2026-04-01,evs-orphan-001,EVS,3.5413,3.5413,9.792,USD
2026-04-01,eip-unbound-001,EIP,1.3607,1.3607,3.876,USD
2026-04-01,obs-platform-logs,OBS,9.7572,9.7572,28.050,USD
2026-04-01,elb-legacy-001,ELB,2.9746,2.9746,8.364,USD
2026-04-01,ecs-ml-prod-01,ECS,16.9099,16.9099,46.920,USD
2026-04-01,cce-dev-node-01,CCE_NODE,11.9058,11.9058,33.660,USD
2026-04-01,ecs-unallocated-01,ECS,5.1286,5.1286,14.790,USD
2026-04-02,ecs-prod-web-01,ECS,21.8528,21.8528,63.240,USD
2026-04-02,ecs-prod-web-02,ECS,18.0170,17.7468,52.020,USD
2026-04-02,cce-prod-node-a,CCE_NODE,26.1996,25.8066,75.480,USD
2026-04-02,cce-prod-node-b,CCE_NODE,26.2193,25.8260,75.480,USD
2026-04-02,ecs-dev-sandbox-01,ECS,7.7174,7.7174,21.420,USD
2026-04-02,ecs-qa-legacy-01,ECS,6.4286,6.4286,18.870,USD
2026-04-02,rds-orders-prod,RDS,23.9244,23.9244,70.380,USD
2026-04-02,rds-analytics-prod,RDS,18.1103,17.8386,53.040,USD
2026-04-02,evs-orphan-001,EVS,3.3827,3.3827,9.792,USD
2026-04-02,eip-unbound-001,EIP,1.3750,1.3750,3.876,USD
2026-04-02,obs-platform-logs,OBS,9.6442,9.6442,28.050,USD
2026-04-02,elb-legacy-001,ELB,2.9597,2.9597,8.364,USD
2026-04-02,ecs-ml-prod-01,ECS,15.9926,15.9926,46.920,USD
2026-04-02,cce-dev-node-01,CCE_NODE,11.8941,11.8941,33.660,USD
2026-04-02,ecs-unallocated-01,ECS,5.2875,5.2875,14.790,USD
2026-04-03,ecs-prod-web-01,ECS,22.2009,22.2009,63.240,USD
2026-04-03,ecs-prod-web-02,ECS,18.8474,18.5646,52.020,USD
2026-04-03,cce-prod-node-a,CCE_NODE,26.1043,25.7127,75.480,USD
2026-04-03,cce-prod-node-b,CCE_NODE,26.1248,25.7329,75.480,USD
2026-04-03,ecs-dev-sandbox-01,ECS,7.6933,7.6933,21.420,USD
2026-04-03,ecs-qa-legacy-01,ECS,6.8082,6.8082,18.870,USD
2026-04-03,rds-orders-prod,RDS,24.5137,24.5137,70.380,USD
2026-04-03,rds-analytics-prod,RDS,18.7213,18.4405,53.040,USD
2026-04-03,evs-orphan-001,EVS,3.5042,3.5042,9.792,USD
2026-04-03,eip-unbound-001,EIP,1.4083,1.4083,3.876,USD
2026-04-03,obs-platform-logs,OBS,9.8924,9.8924,28.050,USD
2026-04-03,elb-legacy-001,ELB,2.8436,2.8436,8.364,USD
2026-04-03,ecs-ml-prod-01,ECS,16.7785,16.7785,46.920,USD
2026-04-03,cce-dev-node-01,CCE_NODE,11.9534,11.9534,33.660,USD
2026-04-03,ecs-unallocated-01,ECS,5.3570,5.3570,14.790,USD
2026-04-04,ecs-prod-web-01,ECS,20.1458,20.1458,58.900,USD
2026-04-04,ecs-prod-web-02,ECS,17.1668,16.9093,48.450,USD
2026-04-04,cce-prod-node-a,CCE_NODE,25.3309,24.9509,70.300,USD
2026-04-04,cce-prod-node-b,CCE_NODE,23.8664,23.5084,70.300,USD
2026-04-04,ecs-dev-sandbox-01,ECS,6.8426,6.8426,19.950,USD
2026-04-04,ecs-qa-legacy-01,ECS,6.3666,6.3666,17.575,USD
2026-04-04,rds-orders-prod,RDS,22.3082,22.3082,65.550,USD
2026-04-04,rds-analytics-prod,RDS,17.2100,16.9518,49.400,USD
2026-04-04,evs-orphan-001,EVS,3.3017,3.3017,9.120,USD
2026-04-04,eip-unbound-001,EIP,1.2317,1.2317,3.610,USD
2026-04-04,obs-platform-logs,OBS,9.1489,9.1489,26.125,USD
2026-04-04,elb-legacy-001,ELB,2.7377,2.7377,7.790,USD
2026-04-04,ecs-ml-prod-01,ECS,15.3322,15.3322,43.700,USD
2026-04-04,cce-dev-node-01,CCE_NODE,10.8413,10.8413,31.350,USD
2026-04-04,ecs-unallocated-01,ECS,4.8414,4.8414,13.775,USD
2026-04-05,ecs-prod-web-01,ECS,20.2096,20.2096,58.900,USD
2026-04-05,ecs-prod-web-02,ECS,16.7226,16.4717,48.450,USD
2026-04-05,cce-prod-node-a,CCE_NODE,25.1835,24.8058,70.300,USD
2026-04-05,cce-prod-node-b,CCE_NODE,23.9625,23.6031,70.300,USD
2026-04-05,ecs-dev-sandbox-01,ECS,7.0295,7.0295,19.950,USD
2026-04-05,ecs-qa-legacy-01,ECS,6.1143,6.1143,17.575,USD
2026-04-05,rds-orders-prod,RDS,22.5128,22.5128,65.550,USD
2026-04-05,rds-analytics-prod,RDS,17.9002,17.6317,49.400,USD
2026-04-05,evs-orphan-001,EVS,3.2948,3.2948,9.120,USD
2026-04-05,eip-unbound-001,EIP,1.3121,1.3121,3.610,USD
2026-04-05,obs-platform-logs,OBS,8.8826,8.8826,26.125,USD
2026-04-05,elb-legacy-001,ELB,2.8052,2.8052,7.790,USD
2026-04-05,ecs-ml-prod-01,ECS,15.7183,15.7183,43.700,USD
2026-04-05,cce-dev-node-01,CCE_NODE,10.7615,10.7615,31.350,USD
2026-04-05,ecs-unallocated-01,ECS,4.9159,4.9159,13.775,USD
2026-04-06,ecs-prod-web-01,ECS,21.8449,21.8449,63.240,USD
2026-04-06,ecs-prod-web-02,ECS,18.1673,17.8948,52.020,USD
2026-04-06,cce-prod-node-a,CCE_NODE,27.1697,26.7622,75.480,USD
2026-04-06,cce-prod-node-b,CCE_NODE,25.7838,25.3971,75.480,USD
2026-04-06,ecs-dev-sandbox-01,ECS,7.6151,7.6151,21.420,USD
2026-04-06,ecs-qa-legacy-01,ECS,6.7471,6.7471,18.870,USD
2026-04-06,rds-orders-prod,RDS,25.0449,25.0449,70.380,USD
2026-04-06,rds-analytics-prod,RDS,18.0646,17.7937,53.040,USD
2026-04-06,evs-orphan-001,EVS,3.5029,3.5029,9.792,USD
2026-04-06,eip-unbound-001,EIP,1.4041,1.4041,3.876,USD
2026-04-06,obs-platform-logs,OBS,9.9832,9.9832,28.050,USD
2026-04-06,elb-legacy-001,ELB,2.8957,2.8957,8.364,USD
2026-04-06,ecs-ml-prod-01,ECS,16.7096,16.7096,46.920,USD
2026-04-06,cce-dev-node-01,CCE_NODE,11.7360,11.7360,33.660,USD
2026-04-06,ecs-unallocated-01,ECS,5.3268,5.3268,14.790,USD
2026-04-07,ecs-prod-web-01,ECS,22.4253,22.4253,63.240,USD
2026-04-07,ecs-prod-web-02,ECS,18.4624,18.1854,52.020,USD
2026-04-07,cce-prod-node-a,CCE_NODE,26.2294,25.8360,75.480,USD
2026-04-07,cce-prod-node-b,CCE_NODE,26.2681,25.8741,75.480,USD
2026-04-07,ecs-dev-sandbox-01,ECS,7.6877,7.6877,21.420,USD
2026-04-07,ecs-qa-legacy-01,ECS,6.5614,6.5614,18.870,USD
2026-04-07,rds-orders-prod,RDS,24.8622,24.8622,70.380,USD
2026-04-07,rds-analytics-prod,RDS,18.6950,18.4146,53.040,USD
2026-04-07,evs-orphan-001,EVS,3.3463,3.3463,9.792,USD
2026-04-07,eip-unbound-001,EIP,1.3983,1.3983,3.876,USD
2026-04-07,obs-platform-logs,OBS,9.5986,9.5986,28.050,USD
2026-04-07,elb-legacy-001,ELB,3.0366,3.0366,8.364,USD
2026-04-07,ecs-ml-prod-01,ECS,16.7140,16.7140,46.920,USD
2026-04-07,cce-dev-node-01,CCE_NODE,11.7542,11.7542,33.660,USD
2026-04-07,ecs-unallocated-01,ECS,5.1815,5.1815,14.790,USD
2026-04-08,ecs-prod-web-01,ECS,22.9133,22.9133,63.240,USD
2026-04-08,ecs-prod-web-02,ECS,17.8502,17.5824,52.020,USD
2026-04-08,cce-prod-node-a,CCE_NODE,25.7946,25.4077,75.480,USD
2026-04-08,cce-prod-node-b,CCE_NODE,25.6741,25.2890,75.480,USD
2026-04-08,ecs-dev-sandbox-01,ECS,7.4236,7.4236,21.420,USD
2026-04-08,ecs-qa-legacy-01,ECS,6.6429,6.6429,18.870,USD
2026-04-08,rds-orders-prod,RDS,25.5679,25.5679,70.380,USD
2026-04-08,rds-analytics-prod,RDS,18.1389,17.8668,53.040,USD
2026-04-08,evs-orphan-001,EVS,3.3855,3.3855,9.792,USD
2026-04-08,eip-unbound-001,EIP,1.3265,1.3265,3.876,USD
2026-04-08,obs-platform-logs,OBS,9.7150,9.7150,28.050,USD
2026-04-08,elb-legacy-001,ELB,2.9648,2.9648,8.364,USD
2026-04-08,ecs-ml-prod-01,ECS,16.1478,16.1478,46.920,USD
2026-04-08,cce-dev-node-01,CCE_NODE,11.9437,11.9437,33.660,USD
2026-04-08,ecs-unallocated-01,ECS,5.0813,5.0813,14.790,USD
2026-04-09,ecs-prod-web-01,ECS,22.2892,22.2892,63.240,USD
2026-04-09,ecs-prod-web-02,ECS,18.8134,18.5312,52.020,USD
2026-04-09,cce-prod-node-a,CCE_NODE,26.1647,25.7722,75.480,USD
2026-04-09,cce-prod-node-b,CCE_NODE,27.1602,26.7528,75.480,USD
2026-04-09,ecs-dev-sandbox-01,ECS,7.6402,7.6402,21.420,USD
2026-04-09,ecs-qa-legacy-01,ECS,6.5739,6.5739,18.870,USD
2026-04-09,rds-orders-prod,RDS,24.0199,24.0199,70.380,USD
2026-04-09,rds-analytics-prod,RDS,18.9773,18.6926,53.040,USD
2026-04-09,evs-orphan-001,EVS,3.3744,3.3744,9.792,USD
2026-04-09,eip-unbound-001,EIP,1.3779,1.3779,3.876,USD
2026-04-09,obs-platform-logs,OBS,10.0052,10.0052,28.050,USD
2026-04-09,elb-legacy-001,ELB,2.9101,2.9101,8.364,USD
2026-04-09,ecs-ml-prod-01,ECS,16.8607,16.8607,46.920,USD
2026-04-09,cce-dev-node-01,CCE_NODE,11.5481,11.5481,33.660,USD
2026-04-09,ecs-unallocated-01,ECS,5.2231,5.2231,14.790,USD
2026-04-10,ecs-prod-web-01,ECS,21.4885,21.4885,63.240,USD
2026-04-10,ecs-prod-web-02,ECS,17.7228,17.4569,52.020,USD
2026-04-10,cce-prod-node-a,CCE_NODE,26.8486,26.4459,75.480,USD
2026-04-10,cce-prod-node-b,CCE_NODE,26.0663,25.6753,75.480,USD
2026-04-10,ecs-dev-sandbox-01,ECS,7.6358,7.6358,21.420,USD
2026-04-10,ecs-qa-legacy-01,ECS,6.6012,6.6012,18.870,USD
2026-04-10,rds-orders-prod,RDS,25.3569,25.3569,70.380,USD
2026-04-10,rds-analytics-prod,RDS,19.2026,18.9145,53.040,USD
2026-04-10,evs-orphan-001,EVS,3.3730,3.3730,9.792,USD
2026-04-10,eip-unbound-001,EIP,1.3443,1.3443,3.876,USD
2026-04-10,obs-platform-logs,OBS,9.8452,9.8452,28.050,USD
2026-04-10,elb-legacy-001,ELB,2.9001,2.9001,8.364,USD
2026-04-10,ecs-ml-prod-01,ECS,16.2195,16.2195,46.920,USD
2026-04-10,cce-dev-node-01,CCE_NODE,11.6237,11.6237,33.660,USD
2026-04-10,ecs-unallocated-01,ECS,5.1073,5.1073,14.790,USD
2026-04-11,ecs-prod-web-01,ECS,21.3956,21.3956,58.900,USD
2026-04-11,ecs-prod-web-02,ECS,16.6035,16.3545,48.450,USD
2026-04-11,cce-prod-node-a,CCE_NODE,24.8537,24.4809,70.300,USD
2026-04-11,cce-prod-node-b,CCE_NODE,25.4468,25.0651,70.300,USD
2026-04-11,ecs-dev-sandbox-01,ECS,7.2277,7.2277,19.950,USD
2026-04-11,ecs-qa-legacy-01,ECS,6.3893,6.3893,17.575,USD
2026-04-11,rds-orders-prod,RDS,23.2718,23.2718,65.550,USD
2026-04-11,rds-analytics-prod,RDS,16.9985,16.7436,49.400,USD
2026-04-11,evs-orphan-001,EVS,3.1379,3.1379,9.120,USD
2026-04-11,eip-unbound-001,EIP,1.2267,1.2267,3.610,USD
2026-04-11,obs-platform-logs,OBS,9.1185,9.1185,26.125,USD
2026-04-11,elb-legacy-001,ELB,2.7295,2.7295,7.790,USD
2026-04-11,ecs-ml-prod-01,ECS,15.4615,15.4615,43.700,USD
2026-04-11,cce-dev-node-01,CCE_NODE,10.6678,10.6678,31.350,USD
2026-04-11,ecs-unallocated-01,ECS,4.7531,4.7531,13.775,USD
2026-04-12,ecs-prod-web-01,ECS,20.1777,20.1777,58.900,USD
2026-04-12,ecs-prod-web-02,ECS,17.0544,16.7986,48.450,USD
2026-04-12,cce-prod-node-a,CCE_NODE,24.5324,24.1644,70.300,USD
2026-04-12,cce-prod-node-b,CCE_NODE,24.7687,24.3971,70.300,USD
2026-04-12,ecs-dev-sandbox-01,ECS,6.9902,6.9902,19.950,USD
2026-04-12,ecs-qa-legacy-01,ECS,5.9742,5.9742,17.575,USD
2026-04-12,rds-orders-prod,RDS,23.7450,23.7450,65.550,USD
2026-04-12,rds-analytics-prod,RDS,17.8077,17.5405,49.400,USD
2026-04-12,evs-orphan-001,EVS,3.2859,3.2859,9.120,USD
2026-04-12,eip-unbound-001,EIP,1.2979,1.2979,3.610,USD
2026-04-12,obs-platform-logs,OBS,9.3673,9.3673,26.125,USD
2026-04-12,elb-legacy-001,ELB,2.7610,2.7610,7.790,USD
2026-04-12,ecs-ml-prod-01,ECS,15.5475,15.5475,43.700,USD
2026-04-12,cce-dev-node-01,CCE_NODE,10.7768,10.7768,31.350,USD
2026-04-12,ecs-unallocated-01,ECS,4.7739,4.7739,13.775,USD
2026-04-13,ecs-prod-web-01,ECS,21.6947,21.6947,63.240,USD
2026-04-13,ecs-prod-web-02,ECS,18.0935,17.8221,52.020,USD
2026-04-13,cce-prod-node-a,CCE_NODE,27.0757,26.6696,75.480,USD
2026-04-13,cce-prod-node-b,CCE_NODE,27.1096,26.7029,75.480,USD
2026-04-13,ecs-dev-sandbox-01,ECS,7.4767,7.4767,21.420,USD
2026-04-13,ecs-qa-legacy-01,ECS,6.6343,6.6343,18.870,USD
2026-04-13,rds-orders-prod,RDS,24.4646,24.4646,70.380,USD
2026-04-13,rds-analytics-prod,RDS,18.8716,18.5885,53.040,USD
2026-04-13,evs-orphan-001,EVS,3.4869,3.4869,9.792,USD
2026-04-13,eip-unbound-001,EIP,1.3907,1.3907,3.876,USD
2026-04-13,obs-platform-logs,OBS,9.9392,9.9392,28.050,USD
2026-04-13,elb-legacy-001,ELB,2.8565,2.8565,8.364,USD
2026-04-13,ecs-ml-prod-01,ECS,16.8661,16.8661,46.920,USD
2026-04-13,cce-dev-node-01,CCE_NODE,11.5676,11.5676,33.660,USD
2026-04-13,ecs-unallocated-01,ECS,5.1572,5.1572,14.790,USD
2026-04-14,ecs-prod-web-01,ECS,22.5175,22.5175,63.240,USD
2026-04-14,ecs-prod-web-02,ECS,17.9776,17.7079,52.020,USD
2026-04-14,cce-prod-node-a,CCE_NODE,27.3902,26.9794,75.480,USD
2026-04-14,cce-prod-node-b,CCE_NODE,25.6092,25.2250,75.480,USD
2026-04-14,ecs-dev-sandbox-01,ECS,7.3267,7.3267,21.420,USD
2026-04-14,ecs-qa-legacy-01,ECS,6.4025,6.4025,18.870,USD
2026-04-14,rds-orders-prod,RDS,24.3634,24.3634,70.380,USD
2026-04-14,rds-analytics-prod,RDS,19.2748,18.9857,53.040,USD
2026-04-14,evs-orphan-001,EVS,3.3670,3.3670,9.792,USD
2026-04-14,eip-unbound-001,EIP,1.3282,1.3282,3.876,USD
2026-04-14,obs-platform-logs,OBS,9.7323,9.7323,28.050,USD
2026-04-14,elb-legacy-001,ELB,2.8654,2.8654,8.364,USD
2026-04-14,ecs-ml-prod-01,ECS,16.0040,16.0040,46.920,USD
2026-04-14,cce-dev-node-01,CCE_NODE,12.0218,12.0218,33.660,USD
2026-04-14,ecs-unallocated-01,ECS,5.1278,5.1278,14.790,USD
2026-04-15,ecs-prod-web-01,ECS,21.5736,21.5736,63.240,USD
2026-04-15,ecs-prod-web-02,ECS,18.7531,18.4718,52.020,USD
2026-04-15,cce-prod-node-a,CCE_NODE,27.3271,26.9172,75.480,USD
2026-04-15,cce-prod-node-b,CCE_NODE,26.9031,26.4996,75.480,USD
2026-04-15,ecs-dev-sandbox-01,ECS,7.4261,7.4261,21.420,USD
2026-04-15,ecs-qa-legacy-01,ECS,6.8612,6.8612,18.870,USD
2026-04-15,rds-orders-prod,RDS,24.4282,24.4282,70.380,USD
2026-04-15,rds-analytics-prod,RDS,19.1894,18.9015,53.040,USD
2026-04-15,evs-orphan-001,EVS,3.5080,3.5080,9.792,USD
2026-04-15,eip-unbound-001,EIP,1.3751,1.3751,3.876,USD
2026-04-15,obs-platform-logs,OBS,9.8656,9.8656,28.050,USD
2026-04-15,elb-legacy-001,ELB,2.8712,2.8712,8.364,USD
2026-04-15,ecs-ml-prod-01,ECS,16.6402,16.6402,46.920,USD
2026-04-15,cce-dev-node-01,CCE_NODE,11.5605,11.5605,33.660,USD
2026-04-15,ecs-unallocated-01,ECS,5.2353,5.2353,14.790,USD
2026-04-16,ecs-prod-web-01,ECS,21.6332,21.6332,63.240,USD
2026-04-16,ecs-prod-web-02,ECS,18.1359,17.8639,52.020,USD
2026-04-16,cce-prod-node-a,CCE_NODE,26.8663,26.4633,75.480,USD
2026-04-16,cce-prod-node-b,CCE_NODE,25.7109,25.3253,75.480,USD
2026-04-16,ecs-dev-sandbox-01,ECS,7.2997,7.2997,21.420,USD
2026-04-16,ecs-qa-legacy-01,ECS,6.4885,6.4885,18.870,USD
2026-04-16,rds-orders-prod,RDS,24.5157,24.5157,70.380,USD
2026-04-16,rds-analytics-prod,RDS,18.8172,18.5349,53.040,USD
2026-04-16,evs-orphan-001,EVS,3.5509,3.5509,9.792,USD
2026-04-16,eip-unbound-001,EIP,1.3831,1.3831,3.876,USD
2026-04-16,obs-platform-logs,OBS,9.9888,9.9888,28.050,USD
2026-04-16,elb-legacy-001,ELB,3.0050,3.0050,8.364,USD
2026-04-16,ecs-ml-prod-01,ECS,16.6371,16.6371,46.920,USD
2026-04-16,cce-dev-node-01,CCE_NODE,11.6161,11.6161,33.660,USD
2026-04-16,ecs-unallocated-01,ECS,5.0514,5.0514,14.790,USD
2026-04-17,ecs-prod-web-01,ECS,21.5023,21.5023,63.240,USD
2026-04-17,ecs-prod-web-02,ECS,17.8837,17.6154,52.020,USD
2026-04-17,cce-prod-node-a,CCE_NODE,26.6448,26.2451,75.480,USD
2026-04-17,cce-prod-node-b,CCE_NODE,26.1154,25.7236,75.480,USD
2026-04-17,ecs-dev-sandbox-01,ECS,7.3669,7.3669,21.420,USD
2026-04-17,ecs-qa-legacy-01,ECS,6.8142,6.8142,18.870,USD
2026-04-17,rds-orders-prod,RDS,25.0539,25.0539,70.380,USD
2026-04-17,rds-analytics-prod,RDS,19.2572,18.9684,53.040,USD
2026-04-17,evs-orphan-001,EVS,3.3747,3.3747,9.792,USD
2026-04-17,eip-unbound-001,EIP,1.4058,1.4058,3.876,USD
2026-04-17,obs-platform-logs,OBS,9.5360,9.5360,28.050,USD
2026-04-17,elb-legacy-001,ELB,3.0066,3.0066,8.364,USD
2026-04-17,ecs-ml-prod-01,ECS,16.0125,16.0125,46.920,USD
2026-04-17,cce-dev-node-01,CCE_NODE,12.2342,12.2342,33.660,USD
2026-04-17,ecs-unallocated-01,ECS,5.3494,5.3494,14.790,USD
2026-04-18,ecs-prod-web-01,ECS,20.5779,20.5779,58.900,USD
2026-04-18,ecs-prod-web-02,ECS,16.8428,16.5901,48.450,USD
2026-04-18,cce-prod-node-a,CCE_NODE,24.5909,24.2221,70.300,USD
2026-04-18,cce-prod-node-b,CCE_NODE,24.0122,23.6520,70.300,USD
2026-04-18,ecs-dev-sandbox-01,ECS,7.1938,7.1938,19.950,USD
2026-04-18,ecs-qa-legacy-01,ECS,6.0032,6.0032,17.575,USD
2026-04-18,rds-orders-prod,RDS,23.6523,23.6523,65.550,USD
2026-04-18,rds-analytics-prod,RDS,16.9602,16.7058,49.400,USD
2026-04-18,evs-orphan-001,EVS,3.2015,3.2015,9.120,USD
2026-04-18,eip-unbound-001,EIP,1.2449,1.2449,3.610,USD
2026-04-18,obs-platform-logs,OBS,9.0048,9.0048,26.125,USD
2026-04-18,elb-legacy-001,ELB,2.7383,2.7383,7.790,USD
2026-04-18,ecs-ml-prod-01,ECS,15.5828,15.5828,43.700,USD
2026-04-18,cce-dev-node-01,CCE_NODE,10.7841,10.7841,31.350,USD
2026-04-18,ecs-unallocated-01,ECS,4.7179,4.7179,13.775,USD
2026-04-19,ecs-prod-web-01,ECS,20.5289,20.5289,58.900,USD
2026-04-19,ecs-prod-web-02,ECS,17.1398,16.8827,48.450,USD
2026-04-19,cce-prod-node-a,CCE_NODE,24.2808,23.9166,70.300,USD
2026-04-19,cce-prod-node-b,CCE_NODE,24.9909,24.6160,70.300,USD
2026-04-19,ecs-dev-sandbox-01,ECS,7.2039,7.2039,19.950,USD
2026-04-19,ecs-qa-legacy-01,ECS,6.3707,6.3707,17.575,USD
2026-04-19,rds-orders-prod,RDS,23.4335,23.4335,65.550,USD
2026-04-19,rds-analytics-prod,RDS,17.3415,17.0814,49.400,USD
2026-04-19,evs-orphan-001,EVS,3.1401,3.1401,9.120,USD
2026-04-19,eip-unbound-001,EIP,1.2601,1.2601,3.610,USD
2026-04-19,obs-platform-logs,OBS,8.9647,8.9647,26.125,USD
2026-04-19,elb-legacy-001,ELB,2.7032,2.7032,7.790,USD
2026-04-19,ecs-ml-prod-01,ECS,15.4847,15.4847,43.700,USD
2026-04-19,cce-dev-node-01,CCE_NODE,11.1187,11.1187,31.350,USD
2026-04-19,ecs-unallocated-01,ECS,4.9975,4.9975,13.775,USD
2026-04-20,ecs-prod-web-01,ECS,22.8985,22.8985,63.240,USD
2026-04-20,ecs-prod-web-02,ECS,18.4727,18.1956,52.020,USD
2026-04-20,cce-prod-node-a,CCE_NODE,26.4317,26.0353,75.480,USD
2026-04-20,cce-prod-node-b,CCE_NODE,25.6918,25.3064,75.480,USD
2026-04-20,ecs-dev-sandbox-01,ECS,7.6376,7.6376,21.420,USD
2026-04-20,ecs-qa-legacy-01,ECS,6.6338,6.6338,18.870,USD
2026-04-20,rds-orders-prod,RDS,24.5164,24.5164,70.380,USD
2026-04-20,rds-analytics-prod,RDS,18.2705,17.9964,53.040,USD
2026-04-20,evs-orphan-001,EVS,3.4016,3.4016,9.792,USD
2026-04-20,eip-unbound-001,EIP,1.3356,1.3356,3.876,USD
2026-04-20,obs-platform-logs,OBS,9.8851,9.8851,28.050,USD
2026-04-20,elb-legacy-001,ELB,2.9611,2.9611,8.364,USD
2026-04-20,ecs-ml-prod-01,ECS,16.4764,16.4764,46.920,USD
2026-04-20,cce-dev-node-01,CCE_NODE,12.1215,12.1215,33.660,USD
2026-04-20,ecs-unallocated-01,ECS,5.0663,5.0663,14.790,USD
2026-04-21,ecs-prod-web-01,ECS,21.6402,21.6402,63.240,USD
2026-04-21,ecs-prod-web-02,ECS,18.6050,18.3259,52.020,USD
2026-04-21,cce-prod-node-a,CCE_NODE,26.8094,26.4072,75.480,USD
2026-04-21,cce-prod-node-b,CCE_NODE,26.5772,26.1786,75.480,USD
2026-04-21,ecs-dev-sandbox-01,ECS,7.7683,7.7683,21.420,USD
2026-04-21,ecs-qa-legacy-01,ECS,6.6019,6.6019,18.870,USD
2026-04-21,rds-orders-prod,RDS,25.1230,25.1230,70.380,USD
2026-04-21,rds-analytics-prod,RDS,18.0220,17.7517,53.040,USD
2026-04-21,evs-orphan-001,EVS,3.4307,3.4307,9.792,USD
2026-04-21,eip-unbound-001,EIP,1.3615,1.3615,3.876,USD
2026-04-21,obs-platform-logs,OBS,9.8238,9.8238,28.050,USD
2026-04-21,elb-legacy-001,ELB,2.9379,2.9379,8.364,USD
2026-04-21,ecs-ml-prod-01,ECS,16.1302,16.1302,46.920,USD
2026-04-21,cce-dev-node-01,CCE_NODE,11.4581,11.4581,33.660,USD
2026-04-21,ecs-unallocated-01,ECS,5.2366,5.2366,14.790,USD
2026-04-22,ecs-prod-web-01,ECS,21.4548,21.4548,63.240,USD
2026-04-22,ecs-prod-web-02,ECS,17.8552,17.5874,52.020,USD
2026-04-22,cce-prod-node-a,CCE_NODE,27.2117,26.8035,75.480,USD
2026-04-22,cce-prod-node-b,CCE_NODE,25.9817,25.5920,75.480,USD
2026-04-22,ecs-dev-sandbox-01,ECS,7.7794,7.7794,21.420,USD
2026-04-22,ecs-qa-legacy-01,ECS,6.4298,6.4298,18.870,USD
2026-04-22,rds-orders-prod,RDS,24.8197,24.8197,70.380,USD
2026-04-22,rds-analytics-prod,RDS,19.2711,18.9821,53.040,USD
2026-04-22,evs-orphan-001,EVS,3.4071,3.4071,9.792,USD
2026-04-22,eip-unbound-001,EIP,1.3377,1.3377,3.876,USD
2026-04-22,obs-platform-logs,OBS,10.1003,10.1003,28.050,USD
2026-04-22,elb-legacy-001,ELB,3.0130,3.0130,8.364,USD
2026-04-22,ecs-ml-prod-01,ECS,16.2615,16.2615,46.920,USD
2026-04-22,cce-dev-node-01,CCE_NODE,11.8523,11.8523,33.660,USD
2026-04-22,ecs-unallocated-01,ECS,5.0978,5.0978,14.790,USD
2026-04-23,ecs-prod-web-01,ECS,21.7595,21.7595,63.240,USD
2026-04-23,ecs-prod-web-02,ECS,18.6574,18.3776,52.020,USD
2026-04-23,cce-prod-node-a,CCE_NODE,25.6260,25.2416,75.480,USD
2026-04-23,cce-prod-node-b,CCE_NODE,26.8922,26.4888,75.480,USD
2026-04-23,ecs-dev-sandbox-01,ECS,7.5465,7.5465,21.420,USD
2026-04-23,ecs-qa-legacy-01,ECS,6.6165,6.6165,18.870,USD
2026-04-23,rds-orders-prod,RDS,24.8324,24.8324,70.380,USD
2026-04-23,rds-analytics-prod,RDS,18.1302,17.8582,53.040,USD
2026-04-23,evs-orphan-001,EVS,3.4467,3.4467,9.792,USD
2026-04-23,eip-unbound-001,EIP,1.3409,1.3409,3.876,USD
2026-04-23,obs-platform-logs,OBS,9.8546,9.8546,28.050,USD
2026-04-23,elb-legacy-001,ELB,2.9405,2.9405,8.364,USD
2026-04-23,ecs-ml-prod-01,ECS,15.9818,15.9818,46.920,USD
2026-04-23,cce-dev-node-01,CCE_NODE,11.8194,11.8194,33.660,USD
2026-04-23,ecs-unallocated-01,ECS,5.1900,5.1900,14.790,USD
2026-04-24,ecs-prod-web-01,ECS,22.6408,22.6408,63.240,USD
2026-04-24,ecs-prod-web-02,ECS,18.1383,17.8662,52.020,USD
2026-04-24,cce-prod-node-a,CCE_NODE,26.7142,26.3135,75.480,USD
2026-04-24,cce-prod-node-b,CCE_NODE,25.7993,25.4123,75.480,USD
2026-04-24,ecs-dev-sandbox-01,ECS,7.7548,7.7548,21.420,USD
2026-04-24,ecs-qa-legacy-01,ECS,6.5166,6.5166,18.870,USD
2026-04-24,rds-orders-prod,RDS,25.2649,25.2649,70.380,USD
2026-04-24,rds-analytics-prod,RDS,18.7073,18.4267,53.040,USD
2026-04-24,evs-orphan-001,EVS,3.5427,3.5427,9.792,USD
2026-04-24,eip-unbound-001,EIP,1.3801,1.3801,3.876,USD
2026-04-24,obs-platform-logs,OBS,9.8828,9.8828,28.050,USD
2026-04-24,elb-legacy-001,ELB,3.0264,3.0264,8.364,USD
2026-04-24,ecs-ml-prod-01,ECS,16.6187,16.6187,46.920,USD
2026-04-24,cce-dev-node-01,CCE_NODE,11.7709,11.7709,33.660,USD
2026-04-24,ecs-unallocated-01,ECS,5.2148,5.2148,14.790,USD
2026-04-25,ecs-prod-web-01,ECS,20.9381,20.9381,58.900,USD
2026-04-25,ecs-prod-web-02,ECS,17.6078,17.3437,48.450,USD
2026-04-25,cce-prod-node-a,CCE_NODE,25.4426,25.0610,70.300,USD
2026-04-25,cce-prod-node-b,CCE_NODE,25.4597,25.0778,70.300,USD
2026-04-25,ecs-dev-sandbox-01,ECS,7.0192,7.0192,19.950,USD
2026-04-25,ecs-qa-legacy-01,ECS,6.0124,6.0124,17.575,USD
2026-04-25,rds-orders-prod,RDS,22.8751,22.8751,65.550,USD
2026-04-25,rds-analytics-prod,RDS,17.2573,16.9985,49.400,USD
2026-04-25,evs-orphan-001,EVS,3.1082,3.1082,9.120,USD
2026-04-25,eip-unbound-001,EIP,1.2320,1.2320,3.610,USD
2026-04-25,obs-platform-logs,OBS,9.3448,9.3448,26.125,USD
2026-04-25,elb-legacy-001,ELB,2.8250,2.8250,7.790,USD
2026-04-25,ecs-ml-prod-01,ECS,15.0835,15.0835,43.700,USD
2026-04-25,cce-dev-node-01,CCE_NODE,10.7732,10.7732,31.350,USD
2026-04-25,ecs-unallocated-01,ECS,4.9887,4.9887,13.775,USD
2026-04-26,ecs-prod-web-01,ECS,20.7438,20.7438,58.900,USD
2026-04-26,ecs-prod-web-02,ECS,16.7135,16.4628,48.450,USD
2026-04-26,cce-prod-node-a,CCE_NODE,24.5751,24.2065,70.300,USD
2026-04-26,cce-prod-node-b,CCE_NODE,24.8874,24.5141,70.300,USD
2026-04-26,ecs-dev-sandbox-01,ECS,7.2207,7.2207,19.950,USD
2026-04-26,ecs-qa-legacy-01,ECS,6.3823,6.3823,17.575,USD
2026-04-26,rds-orders-prod,RDS,22.8498,22.8498,65.550,USD
2026-04-26,rds-analytics-prod,RDS,16.7537,16.5024,49.400,USD
2026-04-26,evs-orphan-001,EVS,3.2768,3.2768,9.120,USD
2026-04-26,eip-unbound-001,EIP,1.2397,1.2397,3.610,USD
2026-04-26,obs-platform-logs,OBS,9.3484,9.3484,26.125,USD
2026-04-26,elb-legacy-001,ELB,2.6633,2.6633,7.790,USD
2026-04-26,ecs-ml-prod-01,ECS,14.8679,14.8679,43.700,USD
2026-04-26,cce-dev-node-01,CCE_NODE,11.2035,11.2035,31.350,USD
2026-04-26,ecs-unallocated-01,ECS,4.6731,4.6731,13.775,USD
2026-04-27,ecs-prod-web-01,ECS,21.7075,21.7075,63.240,USD
2026-04-27,ecs-prod-web-02,ECS,18.2370,17.9635,52.020,USD
2026-04-27,cce-prod-node-a,CCE_NODE,25.8681,25.4801,75.480,USD
2026-04-27,cce-prod-node-b,CCE_NODE,25.9975,25.6075,75.480,USD
2026-04-27,ecs-dev-sandbox-01,ECS,7.7121,7.7121,21.420,USD
2026-04-27,ecs-qa-legacy-01,ECS,6.4644,6.4644,18.870,USD
2026-04-27,rds-orders-prod,RDS,25.1159,25.1159,70.380,USD
2026-04-27,rds-analytics-prod,RDS,19.0848,18.7985,53.040,USD
2026-04-27,evs-orphan-001,EVS,3.3873,3.3873,9.792,USD
2026-04-27,eip-unbound-001,EIP,1.3271,1.3271,3.876,USD
2026-04-27,obs-platform-logs,OBS,9.5719,9.5719,28.050,USD
2026-04-27,elb-legacy-001,ELB,2.9988,2.9988,8.364,USD
2026-04-27,ecs-ml-prod-01,ECS,15.9877,15.9877,46.920,USD
2026-04-27,cce-dev-node-01,CCE_NODE,11.6349,11.6349,33.660,USD
2026-04-27,ecs-unallocated-01,ECS,5.0335,5.0335,14.790,USD
2026-04-28,ecs-prod-web-01,ECS,21.7865,21.7865,63.240,USD
2026-04-28,ecs-prod-web-02,ECS,18.6256,18.3462,52.020,USD
2026-04-28,cce-prod-node-a,CCE_NODE,27.0464,26.6407,75.480,USD
2026-04-28,cce-prod-node-b,CCE_NODE,25.8939,25.5055,75.480,USD
2026-04-28,ecs-dev-sandbox-01,ECS,7.7872,7.7872,21.420,USD
2026-04-28,ecs-qa-legacy-01,ECS,6.5419,6.5419,18.870,USD
2026-04-28,rds-orders-prod,RDS,23.9158,23.9158,70.380,USD
2026-04-28,rds-analytics-prod,RDS,18.8108,18.5286,53.040,USD
2026-04-28,evs-orphan-001,EVS,3.4950,3.4950,9.792,USD
2026-04-28,eip-unbound-001,EIP,1.3714,1.3714,3.876,USD
2026-04-28,obs-platform-logs,OBS,10.1637,10.1637,28.050,USD
2026-04-28,elb-legacy-001,ELB,2.8608,2.8608,8.364,USD
2026-04-28,ecs-ml-prod-01,ECS,16.6437,16.6437,46.920,USD
2026-04-28,cce-dev-node-01,CCE_NODE,11.9902,11.9902,33.660,USD
2026-04-28,ecs-unallocated-01,ECS,5.0388,5.0388,14.790,USD
2026-04-29,ecs-prod-web-01,ECS,22.9518,22.9518,63.240,USD
2026-04-29,ecs-prod-web-02,ECS,18.2549,17.9811,52.020,USD
2026-04-29,cce-prod-node-a,CCE_NODE,26.6644,26.2644,75.480,USD
2026-04-29,cce-prod-node-b,CCE_NODE,27.0165,26.6112,75.480,USD
2026-04-29,ecs-dev-sandbox-01,ECS,7.2655,7.2655,21.420,USD
2026-04-29,ecs-qa-legacy-01,ECS,6.8061,6.8061,18.870,USD
2026-04-29,rds-orders-prod,RDS,24.8311,24.8311,70.380,USD
2026-04-29,rds-analytics-prod,RDS,19.1831,18.8954,53.040,USD
2026-04-29,evs-orphan-001,EVS,3.5557,3.5557,9.792,USD
2026-04-29,eip-unbound-001,EIP,1.3841,1.3841,3.876,USD
2026-04-29,obs-platform-logs,OBS,10.1180,10.1180,28.050,USD
2026-04-29,elb-legacy-001,ELB,2.9986,2.9986,8.364,USD
2026-04-29,ecs-ml-prod-01,ECS,16.9510,16.9510,46.920,USD
2026-04-29,cce-dev-node-01,CCE_NODE,11.8610,11.8610,33.660,USD
2026-04-29,ecs-unallocated-01,ECS,5.2800,5.2800,14.790,USD
2026-04-30,ecs-prod-web-01,ECS,22.4414,22.4414,63.240,USD
2026-04-30,ecs-prod-web-02,ECS,18.7827,18.5009,52.020,USD
2026-04-30,cce-prod-node-a,CCE_NODE,26.0595,25.6687,75.480,USD
2026-04-30,cce-prod-node-b,CCE_NODE,26.9683,26.5638,75.480,USD
2026-04-30,ecs-dev-sandbox-01,ECS,7.3963,7.3963,21.420,USD
2026-04-30,ecs-qa-legacy-01,ECS,6.7764,6.7764,18.870,USD
2026-04-30,rds-orders-prod,RDS,24.0254,24.0254,70.380,USD
2026-04-30,rds-analytics-prod,RDS,19.2069,18.9188,53.040,USD
2026-04-30,evs-orphan-001,EVS,3.3732,3.3732,9.792,USD
2026-04-30,eip-unbound-001,EIP,1.3403,1.3403,3.876,USD
2026-04-30,obs-platform-logs,OBS,9.7354,9.7354,28.050,USD
2026-04-30,elb-legacy-001,ELB,2.9104,2.9104,8.364,USD
2026-04-30,ecs-ml-prod-01,ECS,16.3219,16.3219,46.920,USD
2026-04-30,cce-dev-node-01,CCE_NODE,12.0240,12.0240,33.660,USD
2026-04-30,ecs-unallocated-01,ECS,5.2592,5.2592,14.790,USD
2026-05-01,ecs-prod-web-01,ECS,21.2975,21.2975,63.240,USD
2026-05-01,ecs-prod-web-02,ECS,18.3099,18.0353,52.020,USD
2026-05-01,cce-prod-node-a,CCE_NODE,26.8634,26.4604,75.480,USD
2026-05-01,cce-prod-node-b,CCE_NODE,25.8615,25.4736,75.480,USD
2026-05-01,ecs-dev-sandbox-01,ECS,7.3825,7.3825,21.420,USD
2026-05-01,ecs-qa-legacy-01,ECS,6.3765,6.3765,18.870,USD
2026-05-01,rds-orders-prod,RDS,24.4268,24.4268,70.380,USD
2026-05-01,rds-analytics-prod,RDS,18.4231,18.1467,53.040,USD
2026-05-01,evs-orphan-001,EVS,3.4679,3.4679,9.792,USD
2026-05-01,eip-unbound-001,EIP,1.3274,1.3274,3.876,USD
2026-05-01,obs-platform-logs,OBS,9.5038,9.5038,28.050,USD
2026-05-01,elb-legacy-001,ELB,2.9692,2.9692,8.364,USD
2026-05-01,ecs-ml-prod-01,ECS,16.7473,16.7473,46.920,USD
2026-05-01,cce-dev-node-01,CCE_NODE,11.3022,11.3022,33.660,USD
2026-05-01,ecs-unallocated-01,ECS,5.2450,5.2450,14.790,USD
2026-05-02,ecs-prod-web-01,ECS,20.4338,20.4338,58.900,USD
2026-05-02,ecs-prod-web-02,ECS,16.5917,16.3428,48.450,USD
2026-05-02,cce-prod-node-a,CCE_NODE,23.7782,23.4216,70.300,USD
2026-05-02,cce-prod-node-b,CCE_NODE,25.1204,24.7435,70.300,USD
2026-05-02,ecs-dev-sandbox-01,ECS,6.8899,6.8899,19.950,USD
2026-05-02,ecs-qa-legacy-01,ECS,5.9155,5.9155,17.575,USD
2026-05-02,rds-orders-prod,RDS,23.3365,23.3365,65.550,USD
2026-05-02,rds-analytics-prod,RDS,17.3888,17.1279,49.400,USD
2026-05-02,evs-orphan-001,EVS,3.0998,3.0998,9.120,USD
2026-05-02,eip-unbound-001,EIP,1.2513,1.2513,3.610,USD
2026-05-02,obs-platform-logs,OBS,8.8502,8.8502,26.125,USD
2026-05-02,elb-legacy-001,ELB,2.6698,2.6698,7.790,USD
2026-05-02,ecs-ml-prod-01,ECS,15.2842,15.2842,43.700,USD
2026-05-02,cce-dev-node-01,CCE_NODE,11.0776,11.0776,31.350,USD
2026-05-02,ecs-unallocated-01,ECS,4.6819,4.6819,13.775,USD
2026-05-03,ecs-prod-web-01,ECS,20.7912,20.7912,58.900,USD
2026-05-03,ecs-prod-web-02,ECS,16.3073,16.0627,48.450,USD
2026-05-03,cce-prod-node-a,CCE_NODE,23.6881,23.3328,70.300,USD
2026-05-03,cce-prod-node-b,CCE_NODE,23.5132,23.1605,70.300,USD
2026-05-03,ecs-dev-sandbox-01,ECS,7.1162,7.1162,19.950,USD
2026-05-03,ecs-qa-legacy-01,ECS,5.9398,5.9398,17.575,USD
2026-05-03,rds-orders-prod,RDS,22.6272,22.6272,65.550,USD
2026-05-03,rds-analytics-prod,RDS,17.3258,17.0659,49.400,USD
2026-05-03,evs-orphan-001,EVS,3.0629,3.0629,9.120,USD
2026-05-03,eip-unbound-001,EIP,1.2104,1.2104,3.610,USD
2026-05-03,obs-platform-logs,OBS,9.3081,9.3081,26.125,USD
2026-05-03,elb-legacy-001,ELB,2.6597,2.6597,7.790,USD
2026-05-03,ecs-ml-prod-01,ECS,14.6682,14.6682,43.700,USD
2026-05-03,cce-dev-node-01,CCE_NODE,10.4782,10.4782,31.350,USD
2026-05-03,ecs-unallocated-01,ECS,4.7677,4.7677,13.775,USD
2026-05-04,ecs-prod-web-01,ECS,22.1476,22.1476,63.240,USD
2026-05-04,ecs-prod-web-02,ECS,17.5828,17.3191,52.020,USD
2026-05-04,cce-prod-node-a,CCE_NODE,26.3868,25.9910,75.480,USD
2026-05-04,cce-prod-node-b,CCE_NODE,26.0014,25.6114,75.480,USD
2026-05-04,ecs-dev-sandbox-01,ECS,7.5455,7.5455,21.420,USD
2026-05-04,ecs-qa-legacy-01,ECS,6.5206,6.5206,18.870,USD
2026-05-04,rds-orders-prod,RDS,25.1360,25.1360,70.380,USD
2026-05-04,rds-analytics-prod,RDS,18.6120,18.3329,53.040,USD
2026-05-04,evs-orphan-001,EVS,3.4152,3.4152,9.792,USD
2026-05-04,eip-unbound-001,EIP,1.3598,1.3598,3.876,USD
2026-05-04,obs-platform-logs,OBS,9.6721,9.6721,28.050,USD
2026-05-04,elb-legacy-001,ELB,2.9154,2.9154,8.364,USD
2026-05-04,ecs-ml-prod-01,ECS,15.7961,15.7961,46.920,USD
2026-05-04,cce-dev-node-01,CCE_NODE,11.6307,11.6307,33.660,USD
2026-05-04,ecs-unallocated-01,ECS,5.0465,5.0465,14.790,USD
2026-05-05,ecs-prod-web-01,ECS,21.4109,21.4109,63.240,USD
2026-05-05,ecs-prod-web-02,ECS,17.4646,17.2027,52.020,USD
2026-05-05,cce-prod-node-a,CCE_NODE,26.7935,26.3916,75.480,USD
2026-05-05,cce-prod-node-b,CCE_NODE,25.7271,25.3412,75.480,USD
2026-05-05,ecs-dev-sandbox-01,ECS,7.1575,7.1575,21.420,USD
2026-05-05,ecs-qa-legacy-01,ECS,6.7261,6.7261,18.870,USD
2026-05-05,rds-orders-prod,RDS,25.0284,25.0284,70.380,USD
2026-05-05,rds-analytics-prod,RDS,18.1661,17.8936,53.040,USD
2026-05-05,evs-orphan-001,EVS,3.4358,3.4358,9.792,USD
2026-05-05,eip-unbound-001,EIP,1.3749,1.3749,3.876,USD
2026-05-05,obs-platform-logs,OBS,9.3734,9.3734,28.050,USD
2026-05-05,elb-legacy-001,ELB,2.9031,2.9031,8.364,USD
2026-05-05,ecs-ml-prod-01,ECS,16.0659,16.0659,46.920,USD
2026-05-05,cce-dev-node-01,CCE_NODE,11.9059,11.9059,33.660,USD
2026-05-05,ecs-unallocated-01,ECS,5.0797,5.0797,14.790,USD
2026-05-06,ecs-prod-web-01,ECS,22.0369,22.0369,63.240,USD
2026-05-06,ecs-prod-web-02,ECS,18.6082,18.3290,52.020,USD
2026-05-06,cce-prod-node-a,CCE_NODE,26.1022,25.7107,75.480,USD
2026-05-06,cce-prod-node-b,CCE_NODE,26.7924,26.3905,75.480,USD
2026-05-06,ecs-dev-sandbox-01,ECS,7.1648,7.1648,21.420,USD
2026-05-06,ecs-qa-legacy-01,ECS,6.4094,6.4094,18.870,USD
2026-05-06,rds-orders-prod,RDS,23.8672,23.8672,70.380,USD
2026-05-06,rds-analytics-prod,RDS,18.0563,17.7855,53.040,USD
2026-05-06,evs-orphan-001,EVS,3.4017,3.4017,9.792,USD
2026-05-06,eip-unbound-001,EIP,1.3051,1.3051,3.876,USD
2026-05-06,obs-platform-logs,OBS,9.9085,9.9085,28.050,USD
2026-05-06,elb-legacy-001,ELB,2.8445,2.8445,8.364,USD
2026-05-06,ecs-ml-prod-01,ECS,16.1921,16.1921,46.920,USD
2026-05-06,cce-dev-node-01,CCE_NODE,11.4314,11.4314,33.660,USD
2026-05-06,ecs-unallocated-01,ECS,5.2570,5.2570,14.790,USD
2026-05-07,ecs-prod-web-01,ECS,21.3004,21.3004,63.240,USD
2026-05-07,ecs-prod-web-02,ECS,17.9182,17.6494,52.020,USD
2026-05-07,cce-prod-node-a,CCE_NODE,25.5269,25.1440,75.480,USD
2026-05-07,cce-prod-node-b,CCE_NODE,26.8302,26.4277,75.480,USD
2026-05-07,ecs-dev-sandbox-01,ECS,7.5965,7.5965,21.420,USD
2026-05-07,ecs-qa-legacy-01,ECS,6.6291,6.6291,18.870,USD
2026-05-07,rds-orders-prod,RDS,25.0817,25.0817,70.380,USD
2026-05-07,rds-analytics-prod,RDS,18.5958,18.3169,53.040,USD
2026-05-07,evs-orphan-001,EVS,3.3724,3.3724,9.792,USD
2026-05-07,eip-unbound-001,EIP,1.3855,1.3855,3.876,USD
2026-05-07,obs-platform-logs,OBS,9.5280,9.5280,28.050,USD
2026-05-07,elb-legacy-001,ELB,2.9462,2.9462,8.364,USD
2026-05-07,ecs-ml-prod-01,ECS,16.4824,16.4824,46.920,USD
2026-05-07,cce-dev-node-01,CCE_NODE,11.9906,11.9906,33.660,USD
2026-05-07,ecs-unallocated-01,ECS,5.2663,5.2663,14.790,USD
2026-05-08,ecs-prod-web-01,ECS,22.4327,22.4327,63.240,USD
2026-05-08,ecs-prod-web-02,ECS,18.0213,17.7510,52.020,USD
2026-05-08,cce-prod-node-a,CCE_NODE,26.8491,26.4463,75.480,USD
2026-05-08,cce-prod-node-b,CCE_NODE,25.3457,24.9655,75.480,USD
2026-05-08,ecs-dev-sandbox-01,ECS,7.2594,7.2594,21.420,USD
2026-05-08,ecs-qa-legacy-01,ECS,6.5416,6.5416,18.870,USD
2026-05-08,rds-orders-prod,RDS,24.1554,24.1554,70.380,USD
2026-05-08,rds-analytics-prod,RDS,18.8793,18.5961,53.040,USD
2026-05-08,evs-orphan-001,EVS,3.3396,3.3396,9.792,USD
2026-05-08,eip-unbound-001,EIP,1.3407,1.3407,3.876,USD
2026-05-08,obs-platform-logs,OBS,9.5005,9.5005,28.050,USD
2026-05-08,elb-legacy-001,ELB,2.8504,2.8504,8.364,USD
2026-05-08,ecs-ml-prod-01,ECS,16.5765,16.5765,46.920,USD
2026-05-08,cce-dev-node-01,CCE_NODE,11.7605,11.7605,33.660,USD
2026-05-08,ecs-unallocated-01,ECS,5.1001,5.1001,14.790,USD
2026-05-09,ecs-prod-web-01,ECS,20.5022,20.5022,58.900,USD
2026-05-09,ecs-prod-web-02,ECS,17.2885,17.0291,48.450,USD
2026-05-09,cce-prod-node-a,CCE_NODE,24.4854,24.1182,70.300,USD
2026-05-09,cce-prod-node-b,CCE_NODE,24.8338,24.4613,70.300,USD
2026-05-09,ecs-dev-sandbox-01,ECS,6.8042,6.8042,19.950,USD
2026-05-09,ecs-qa-legacy-01,ECS,6.0454,6.0454,17.575,USD
2026-05-09,rds-orders-prod,RDS,22.3974,22.3974,65.550,USD
2026-05-09,rds-analytics-prod,RDS,17.0040,16.7489,49.400,USD
2026-05-09,evs-orphan-001,EVS,3.0503,3.0503,9.120,USD
2026-05-09,eip-unbound-001,EIP,1.2771,1.2771,3.610,USD
2026-05-09,obs-platform-logs,OBS,9.2998,9.2998,26.125,USD
2026-05-09,elb-legacy-001,ELB,2.7600,2.7600,7.790,USD
2026-05-09,ecs-ml-prod-01,ECS,15.3628,15.3628,43.700,USD
2026-05-09,cce-dev-node-01,CCE_NODE,11.2185,11.2185,31.350,USD
2026-05-09,ecs-unallocated-01,ECS,4.7236,4.7236,13.775,USD
2026-05-10,ecs-prod-web-01,ECS,20.8340,20.8340,58.900,USD
2026-05-10,ecs-prod-web-02,ECS,16.6712,16.4211,48.450,USD
2026-05-10,cce-prod-node-a,CCE_NODE,24.5110,24.1433,70.300,USD
2026-05-10,cce-prod-node-b,CCE_NODE,25.1150,24.7383,70.300,USD
2026-05-10,ecs-dev-sandbox-01,ECS,6.9020,6.9020,19.950,USD
2026-05-10,ecs-qa-legacy-01,ECS,5.9220,5.9220,17.575,USD
2026-05-10,rds-orders-prod,RDS,21.9784,21.9784,65.550,USD
2026-05-10,rds-analytics-prod,RDS,17.2956,17.0362,49.400,USD
2026-05-10,evs-orphan-001,EVS,3.1039,3.1039,9.120,USD
2026-05-10,eip-unbound-001,EIP,1.2381,1.2381,3.610,USD
2026-05-10,obs-platform-logs,OBS,9.1203,9.1203,26.125,USD
2026-05-10,elb-legacy-001,ELB,2.7599,2.7599,7.790,USD
2026-05-10,ecs-ml-prod-01,ECS,15.4706,15.4706,43.700,USD
2026-05-10,cce-dev-node-01,CCE_NODE,10.8951,10.8951,31.350,USD
2026-05-10,ecs-unallocated-01,ECS,4.8563,4.8563,13.775,USD
2026-05-11,ecs-prod-web-01,ECS,22.1866,22.1866,63.240,USD
2026-05-11,ecs-prod-web-02,ECS,18.0182,17.7479,52.020,USD
2026-05-11,cce-prod-node-a,CCE_NODE,26.4096,26.0135,75.480,USD
2026-05-11,cce-prod-node-b,CCE_NODE,26.1641,25.7716,75.480,USD
2026-05-11,ecs-dev-sandbox-01,ECS,7.2719,7.2719,21.420,USD
2026-05-11,ecs-qa-legacy-01,ECS,6.5562,6.5562,18.870,USD
2026-05-11,rds-orders-prod,RDS,25.0907,25.0907,70.380,USD
2026-05-11,rds-analytics-prod,RDS,18.6372,18.3577,53.040,USD
2026-05-11,evs-orphan-001,EVS,3.4702,3.4702,9.792,USD
2026-05-11,eip-unbound-001,EIP,1.3406,1.3406,3.876,USD
2026-05-11,obs-platform-logs,OBS,9.6937,9.6937,28.050,USD
2026-05-11,elb-legacy-001,ELB,2.9280,2.9280,8.364,USD
2026-05-11,ecs-ml-prod-01,ECS,16.3485,16.3485,46.920,USD
2026-05-11,cce-dev-node-01,CCE_NODE,11.3610,11.3610,33.660,USD
2026-05-11,ecs-unallocated-01,ECS,5.1299,5.1299,14.790,USD
2026-05-12,ecs-prod-web-01,ECS,21.8963,21.8963,63.240,USD
2026-05-12,ecs-prod-web-02,ECS,17.5664,17.3029,52.020,USD
2026-05-12,cce-prod-node-a,CCE_NODE,25.9285,25.5395,75.480,USD
2026-05-12,cce-prod-node-b,CCE_NODE,25.4879,25.1056,75.480,USD
2026-05-12,ecs-dev-sandbox-01,ECS,7.2953,7.2953,21.420,USD
2026-05-12,ecs-qa-legacy-01,ECS,6.6993,6.6993,18.870,USD
2026-05-12,rds-orders-prod,RDS,24.7415,24.7415,70.380,USD
2026-05-12,rds-analytics-prod,RDS,18.6723,18.3922,53.040,USD
2026-05-12,evs-orphan-001,EVS,3.4133,3.4133,9.792,USD
2026-05-12,eip-unbound-001,EIP,1.3483,1.3483,3.876,USD
2026-05-12,obs-platform-logs,OBS,9.5257,9.5257,28.050,USD
2026-05-12,elb-legacy-001,ELB,2.8607,2.8607,8.364,USD
2026-05-12,ecs-ml-prod-01,ECS,16.6268,16.6268,46.920,USD
2026-05-12,cce-dev-node-01,CCE_NODE,11.4269,11.4269,33.660,USD
2026-05-12,ecs-unallocated-01,ECS,5.1241,5.1241,14.790,USD
2026-05-13,ecs-prod-web-01,ECS,21.8662,21.8662,63.240,USD
2026-05-13,ecs-prod-web-02,ECS,17.9118,17.6432,52.020,USD
2026-05-13,cce-prod-node-a,CCE_NODE,26.9996,26.5946,75.480,USD
2026-05-13,cce-prod-node-b,CCE_NODE,26.6449,26.2452,75.480,USD
2026-05-13,ecs-dev-sandbox-01,ECS,7.5279,7.5279,21.420,USD
2026-05-13,ecs-qa-legacy-01,ECS,6.4708,6.4708,18.870,USD
2026-05-13,rds-orders-prod,RDS,24.9792,24.9792,70.380,USD
2026-05-13,rds-analytics-prod,RDS,17.8603,17.5924,53.040,USD
2026-05-13,evs-orphan-001,EVS,3.3410,3.3410,9.792,USD
2026-05-13,eip-unbound-001,EIP,1.2937,1.2937,3.876,USD
2026-05-13,obs-platform-logs,OBS,9.9600,9.9600,28.050,USD
2026-05-13,elb-legacy-001,ELB,2.9747,2.9747,8.364,USD
2026-05-13,ecs-ml-prod-01,ECS,15.8572,15.8572,46.920,USD
2026-05-13,cce-dev-node-01,CCE_NODE,11.8192,11.8192,33.660,USD
2026-05-13,ecs-unallocated-01,ECS,5.2371,5.2371,14.790,USD
2026-05-14,ecs-prod-web-01,ECS,22.2376,22.2376,63.240,USD
2026-05-14,ecs-prod-web-02,ECS,18.0989,17.8274,52.020,USD
2026-05-14,cce-prod-node-a,CCE_NODE,25.3015,24.9220,75.480,USD
2026-05-14,cce-prod-node-b,CCE_NODE,26.0414,25.6508,75.480,USD
2026-05-14,ecs-dev-sandbox-01,ECS,7.2384,7.2384,21.420,USD
2026-05-14,ecs-qa-legacy-01,ECS,6.6288,6.6288,18.870,USD
2026-05-14,rds-orders-prod,RDS,24.9780,24.9780,70.380,USD
2026-05-14,rds-analytics-prod,RDS,18.4684,18.1914,53.040,USD
2026-05-14,evs-orphan-001,EVS,3.4112,3.4112,9.792,USD
2026-05-14,eip-unbound-001,EIP,1.3001,1.3001,3.876,USD
2026-05-14,obs-platform-logs,OBS,9.5518,9.5518,28.050,USD
2026-05-14,elb-legacy-001,ELB,2.7943,2.7943,8.364,USD
2026-05-14,ecs-ml-prod-01,ECS,16.7542,16.7542,46.920,USD
2026-05-14,cce-dev-node-01,CCE_NODE,11.7286,11.7286,33.660,USD
2026-05-14,ecs-unallocated-01,ECS,5.2899,5.2899,14.790,USD
2026-05-15,ecs-prod-web-01,ECS,21.6741,21.6741,63.240,USD
2026-05-15,ecs-prod-web-02,ECS,18.1130,17.8413,52.020,USD
2026-05-15,cce-prod-node-a,CCE_NODE,25.3559,24.9755,75.480,USD
2026-05-15,cce-prod-node-b,CCE_NODE,26.6933,26.2929,75.480,USD
2026-05-15,ecs-dev-sandbox-01,ECS,7.5439,7.5439,21.420,USD
2026-05-15,ecs-qa-legacy-01,ECS,6.5034,6.5034,18.870,USD
2026-05-15,rds-orders-prod,RDS,23.7638,23.7638,70.380,USD
2026-05-15,rds-analytics-prod,RDS,17.9667,17.6972,53.040,USD
2026-05-15,evs-orphan-001,EVS,3.3307,3.3307,9.792,USD
2026-05-15,eip-unbound-001,EIP,1.3328,1.3328,3.876,USD
2026-05-15,obs-platform-logs,OBS,9.9204,9.9204,28.050,USD
2026-05-15,elb-legacy-001,ELB,2.8592,2.8592,8.364,USD
2026-05-15,ecs-ml-prod-01,ECS,16.0628,16.0628,46.920,USD
2026-05-15,cce-dev-node-01,CCE_NODE,11.3760,11.3760,33.660,USD
2026-05-15,ecs-unallocated-01,ECS,5.1289,5.1289,14.790,USD
2026-05-16,ecs-prod-web-01,ECS,20.9610,20.9610,58.900,USD
2026-05-16,ecs-prod-web-02,ECS,17.0288,16.7734,48.450,USD
2026-05-16,cce-prod-node-a,CCE_NODE,25.1412,24.7641,70.300,USD
2026-05-16,cce-prod-node-b,CCE_NODE,23.8501,23.4923,70.300,USD
2026-05-16,ecs-dev-sandbox-01,ECS,7.1359,7.1359,19.950,USD
2026-05-16,ecs-qa-legacy-01,ECS,6.2228,6.2228,17.575,USD
2026-05-16,rds-orders-prod,RDS,23.0202,23.0202,65.550,USD
2026-05-16,rds-analytics-prod,RDS,16.9895,16.7347,49.400,USD
2026-05-16,evs-orphan-001,EVS,3.2200,3.2200,9.120,USD
2026-05-16,eip-unbound-001,EIP,1.2382,1.2382,3.610,USD
2026-05-16,obs-platform-logs,OBS,9.2027,9.2027,26.125,USD
2026-05-16,elb-legacy-001,ELB,2.6087,2.6087,7.790,USD
2026-05-16,ecs-ml-prod-01,ECS,15.0898,15.0898,43.700,USD
2026-05-16,cce-dev-node-01,CCE_NODE,10.4933,10.4933,31.350,USD
2026-05-16,ecs-unallocated-01,ECS,4.9036,4.9036,13.775,USD
2026-05-17,ecs-prod-web-01,ECS,20.5178,20.5178,58.900,USD
2026-05-17,ecs-prod-web-02,ECS,17.2646,17.0056,48.450,USD
2026-05-17,cce-prod-node-a,CCE_NODE,25.1471,24.7699,70.300,USD
2026-05-17,cce-prod-node-b,CCE_NODE,25.0698,24.6937,70.300,USD
2026-05-17,ecs-dev-sandbox-01,ECS,6.7871,6.7871,19.950,USD
2026-05-17,ecs-qa-legacy-01,ECS,5.9868,5.9868,17.575,USD
2026-05-17,rds-orders-prod,RDS,23.1033,23.1033,65.550,USD
2026-05-17,rds-analytics-prod,RDS,16.9837,16.7289,49.400,USD
2026-05-17,evs-orphan-001,EVS,3.1642,3.1642,9.120,USD
2026-05-17,eip-unbound-001,EIP,1.2723,1.2723,3.610,USD
2026-05-17,obs-platform-logs,OBS,8.8849,8.8849,26.125,USD
2026-05-17,elb-legacy-001,ELB,2.7735,2.7735,7.790,USD
2026-05-17,ecs-ml-prod-01,ECS,14.6110,14.6110,43.700,USD
2026-05-17,cce-dev-node-01,CCE_NODE,10.9831,10.9831,31.350,USD
2026-05-17,ecs-unallocated-01,ECS,4.6337,4.6337,13.775,USD
2026-05-18,ecs-prod-web-01,ECS,21.1985,21.1985,63.240,USD
2026-05-18,ecs-prod-web-02,ECS,17.3640,17.1035,52.020,USD
2026-05-18,cce-prod-node-a,CCE_NODE,26.3879,25.9921,75.480,USD
2026-05-18,cce-prod-node-b,CCE_NODE,70.2681,69.2141,75.480,USD
2026-05-18,ecs-dev-sandbox-01,ECS,7.6188,7.6188,21.420,USD
2026-05-18,ecs-qa-legacy-01,ECS,6.4851,6.4851,18.870,USD
2026-05-18,rds-orders-prod,RDS,23.5589,23.5589,70.380,USD
2026-05-18,rds-analytics-prod,RDS,18.3314,18.0564,53.040,USD
2026-05-18,evs-orphan-001,EVS,3.2956,3.2956,9.792,USD
2026-05-18,eip-unbound-001,EIP,1.3834,1.3834,3.876,USD
2026-05-18,obs-platform-logs,OBS,9.8393,9.8393,28.050,USD
2026-05-18,elb-legacy-001,ELB,2.9614,2.9614,8.364,USD
2026-05-18,ecs-ml-prod-01,ECS,16.5748,16.5748,46.920,USD
2026-05-18,cce-dev-node-01,CCE_NODE,11.2404,11.2404,33.660,USD
2026-05-18,ecs-unallocated-01,ECS,5.0986,5.0986,14.790,USD
2026-05-19,ecs-prod-web-01,ECS,21.1490,21.1490,63.240,USD
2026-05-19,ecs-prod-web-02,ECS,18.5445,18.2663,52.020,USD
2026-05-19,cce-prod-node-a,CCE_NODE,26.7250,26.3241,75.480,USD
2026-05-19,cce-prod-node-b,CCE_NODE,26.9486,26.5443,75.480,USD
2026-05-19,ecs-dev-sandbox-01,ECS,7.2913,7.2913,21.420,USD
2026-05-19,ecs-qa-legacy-01,ECS,6.3927,6.3927,18.870,USD
2026-05-19,rds-orders-prod,RDS,24.6565,24.6565,70.380,USD
2026-05-19,rds-analytics-prod,RDS,18.5358,18.2577,53.040,USD
2026-05-19,evs-orphan-001,EVS,3.3846,3.3846,9.792,USD
2026-05-19,eip-unbound-001,EIP,1.3280,1.3280,3.876,USD
2026-05-19,obs-platform-logs,OBS,9.5506,9.5506,28.050,USD
2026-05-19,elb-legacy-001,ELB,2.8089,2.8089,8.364,USD
2026-05-19,ecs-ml-prod-01,ECS,16.1373,16.1373,46.920,USD
2026-05-19,cce-dev-node-01,CCE_NODE,11.6689,11.6689,33.660,USD
2026-05-19,ecs-unallocated-01,ECS,5.0632,5.0632,14.790,USD
2026-05-20,ecs-prod-web-01,ECS,22.0336,22.0336,63.240,USD
2026-05-20,ecs-prod-web-02,ECS,17.3795,17.1188,52.020,USD
2026-05-20,cce-prod-node-a,CCE_NODE,26.4316,26.0351,75.480,USD
2026-05-20,cce-prod-node-b,CCE_NODE,26.2222,25.8289,75.480,USD
2026-05-20,ecs-dev-sandbox-01,ECS,7.2664,7.2664,21.420,USD
2026-05-20,ecs-qa-legacy-01,ECS,6.5339,6.5339,18.870,USD
2026-05-20,rds-orders-prod,RDS,23.7927,23.7927,70.380,USD
2026-05-20,rds-analytics-prod,RDS,18.7832,18.5014,53.040,USD
2026-05-20,evs-orphan-001,EVS,3.4963,3.4963,9.792,USD
2026-05-20,eip-unbound-001,EIP,1.3736,1.3736,3.876,USD
2026-05-20,obs-platform-logs,OBS,9.7898,9.7898,28.050,USD
2026-05-20,elb-legacy-001,ELB,2.8693,2.8693,8.364,USD
2026-05-20,ecs-ml-prod-01,ECS,16.0870,16.0870,46.920,USD
2026-05-20,cce-dev-node-01,CCE_NODE,11.6297,11.6297,33.660,USD
2026-05-20,ecs-unallocated-01,ECS,5.1719,5.1719,14.790,USD
2026-05-21,ecs-prod-web-01,ECS,21.7900,21.7900,63.240,USD
2026-05-21,ecs-prod-web-02,ECS,18.1899,17.9171,52.020,USD
2026-05-21,cce-prod-node-a,CCE_NODE,25.7820,25.3953,75.480,USD
2026-05-21,cce-prod-node-b,CCE_NODE,25.2434,24.8647,75.480,USD
2026-05-21,ecs-dev-sandbox-01,ECS,7.5576,7.5576,21.420,USD
2026-05-21,ecs-qa-legacy-01,ECS,6.2997,6.2997,18.870,USD
2026-05-21,rds-orders-prod,RDS,24.4458,24.4458,70.380,USD
2026-05-21,rds-analytics-prod,RDS,18.5121,18.2344,53.040,USD
2026-05-21,evs-orphan-001,EVS,3.4575,3.4575,9.792,USD
2026-05-21,eip-unbound-001,EIP,1.3340,1.3340,3.876,USD
2026-05-21,obs-platform-logs,OBS,9.7038,9.7038,28.050,USD
2026-05-21,elb-legacy-001,ELB,2.8705,2.8705,8.364,USD
2026-05-21,ecs-ml-prod-01,ECS,16.2487,16.2487,46.920,USD
2026-05-21,cce-dev-node-01,CCE_NODE,11.4276,11.4276,33.660,USD
2026-05-21,ecs-unallocated-01,ECS,4.9523,4.9523,14.790,USD
2026-05-22,ecs-prod-web-01,ECS,21.1703,21.1703,63.240,USD
2026-05-22,ecs-prod-web-02,ECS,17.8961,17.6276,52.020,USD
2026-05-22,cce-prod-node-a,CCE_NODE,26.9923,26.5874,75.480,USD
2026-05-22,cce-prod-node-b,CCE_NODE,26.8913,26.4879,75.480,USD
2026-05-22,ecs-dev-sandbox-01,ECS,7.4567,7.4567,21.420,USD
2026-05-22,ecs-qa-legacy-01,ECS,6.3996,6.3996,18.870,USD
2026-05-22,rds-orders-prod,RDS,24.3564,24.3564,70.380,USD
2026-05-22,rds-analytics-prod,RDS,18.8224,18.5401,53.040,USD
2026-05-22,evs-orphan-001,EVS,3.4710,3.4710,9.792,USD
2026-05-22,eip-unbound-001,EIP,1.3781,1.3781,3.876,USD
2026-05-22,obs-platform-logs,OBS,9.6609,9.6609,28.050,USD
2026-05-22,elb-legacy-001,ELB,2.9017,2.9017,8.364,USD
2026-05-22,ecs-ml-prod-01,ECS,16.3904,16.3904,46.920,USD
2026-05-22,cce-dev-node-01,CCE_NODE,12.0156,12.0156,33.660,USD
2026-05-22,ecs-unallocated-01,ECS,5.0425,5.0425,14.790,USD
2026-05-23,ecs-prod-web-01,ECS,20.4745,20.4745,58.900,USD
2026-05-23,ecs-prod-web-02,ECS,17.2703,17.0112,48.450,USD
2026-05-23,cce-prod-node-a,CCE_NODE,24.3959,24.0300,70.300,USD
2026-05-23,cce-prod-node-b,CCE_NODE,24.2321,23.8686,70.300,USD
2026-05-23,ecs-dev-sandbox-01,ECS,6.8092,6.8092,19.950,USD
2026-05-23,ecs-qa-legacy-01,ECS,6.0839,6.0839,17.575,USD
2026-05-23,rds-orders-prod,RDS,22.0344,22.0344,65.550,USD
2026-05-23,rds-analytics-prod,RDS,16.9350,16.6809,49.400,USD
2026-05-23,evs-orphan-001,EVS,3.0960,3.0960,9.120,USD
2026-05-23,eip-unbound-001,EIP,1.2366,1.2366,3.610,USD
2026-05-23,obs-platform-logs,OBS,8.8208,8.8208,26.125,USD
2026-05-23,elb-legacy-001,ELB,2.7228,2.7228,7.790,USD
2026-05-23,ecs-ml-prod-01,ECS,14.9931,14.9931,43.700,USD
2026-05-23,cce-dev-node-01,CCE_NODE,10.6791,10.6791,31.350,USD
2026-05-23,ecs-unallocated-01,ECS,4.6455,4.6455,13.775,USD
2026-05-24,ecs-prod-web-01,ECS,20.9203,20.9203,58.900,USD
2026-05-24,ecs-prod-web-02,ECS,17.1418,16.8846,48.450,USD
2026-05-24,cce-prod-node-a,CCE_NODE,24.4106,24.0444,70.300,USD
2026-05-24,cce-prod-node-b,CCE_NODE,25.0744,24.6982,70.300,USD
2026-05-24,ecs-dev-sandbox-01,ECS,7.1219,7.1219,19.950,USD
2026-05-24,ecs-qa-legacy-01,ECS,5.9000,5.9000,17.575,USD
2026-05-24,rds-orders-prod,RDS,23.2747,23.2747,65.550,USD
2026-05-24,rds-analytics-prod,RDS,17.4269,17.1655,49.400,USD
2026-05-24,evs-orphan-001,EVS,3.1932,3.1932,9.120,USD
2026-05-24,eip-unbound-001,EIP,1.2253,1.2253,3.610,USD
2026-05-24,obs-platform-logs,OBS,9.2777,9.2777,26.125,USD
2026-05-24,elb-legacy-001,ELB,2.6203,2.6203,7.790,USD
2026-05-24,ecs-ml-prod-01,ECS,14.5970,14.5970,43.700,USD
2026-05-24,cce-dev-node-01,CCE_NODE,10.6797,10.6797,31.350,USD
2026-05-24,ecs-unallocated-01,ECS,4.7513,4.7513,13.775,USD
2026-05-25,ecs-prod-web-01,ECS,21.4846,21.4846,63.240,USD
2026-05-25,ecs-prod-web-02,ECS,17.8257,17.5583,52.020,USD
2026-05-25,cce-prod-node-a,CCE_NODE,25.7744,25.3878,75.480,USD
2026-05-25,cce-prod-node-b,CCE_NODE,25.6426,25.2579,75.480,USD
2026-05-25,ecs-dev-sandbox-01,ECS,7.5871,7.5871,21.420,USD
2026-05-25,ecs-qa-legacy-01,ECS,6.4155,6.4155,18.870,USD
2026-05-25,rds-orders-prod,RDS,23.9039,23.9039,70.380,USD
2026-05-25,rds-analytics-prod,RDS,18.5075,18.2298,53.040,USD
2026-05-25,evs-orphan-001,EVS,3.3935,3.3935,9.792,USD
2026-05-25,eip-unbound-001,EIP,1.3314,1.3314,3.876,USD
2026-05-25,obs-platform-logs,OBS,9.5266,9.5266,28.050,USD
2026-05-25,elb-legacy-001,ELB,2.9640,2.9640,8.364,USD
2026-05-25,ecs-ml-prod-01,ECS,16.0828,16.0828,46.920,USD
2026-05-25,cce-dev-node-01,CCE_NODE,11.7105,11.7105,33.660,USD
2026-05-25,ecs-unallocated-01,ECS,5.1528,5.1528,14.790,USD
2026-05-26,ecs-prod-web-01,ECS,22.0923,22.0923,63.240,USD
2026-05-26,ecs-prod-web-02,ECS,17.6350,17.3705,52.020,USD
2026-05-26,cce-prod-node-a,CCE_NODE,25.8519,25.4641,75.480,USD
2026-05-26,cce-prod-node-b,CCE_NODE,25.9324,25.5434,75.480,USD
2026-05-26,ecs-dev-sandbox-01,ECS,7.3231,7.3231,21.420,USD
2026-05-26,ecs-qa-legacy-01,ECS,6.7397,6.7397,18.870,USD
2026-05-26,rds-orders-prod,RDS,25.1064,25.1064,70.380,USD
2026-05-26,rds-analytics-prod,RDS,17.8716,17.6035,53.040,USD
2026-05-26,evs-orphan-001,EVS,3.3507,3.3507,9.792,USD
2026-05-26,eip-unbound-001,EIP,1.3814,1.3814,3.876,USD
2026-05-26,obs-platform-logs,OBS,9.7190,9.7190,28.050,USD
2026-05-26,elb-legacy-001,ELB,2.9322,2.9322,8.364,USD
2026-05-26,ecs-ml-prod-01,ECS,15.6962,15.6962,46.920,USD
2026-05-26,cce-dev-node-01,CCE_NODE,12.0009,12.0009,33.660,USD
2026-05-26,ecs-unallocated-01,ECS,4.9366,4.9366,14.790,USD
2026-05-27,ecs-prod-web-01,ECS,21.7838,21.7838,63.240,USD
2026-05-27,ecs-prod-web-02,ECS,17.8242,17.5569,52.020,USD
2026-05-27,cce-prod-node-a,CCE_NODE,26.1764,25.7838,75.480,USD
2026-05-27,cce-prod-node-b,CCE_NODE,26.1069,25.7153,75.480,USD
2026-05-27,ecs-dev-sandbox-01,ECS,7.2901,7.2901,21.420,USD
2026-05-27,ecs-qa-legacy-01,ECS,6.6458,6.6458,18.870,USD
2026-05-27,rds-orders-prod,RDS,24.4752,24.4752,70.380,USD
2026-05-27,rds-analytics-prod,RDS,17.7372,17.4711,53.040,USD
2026-05-27,evs-orphan-001,EVS,3.2878,3.2878,9.792,USD
2026-05-27,eip-unbound-001,EIP,1.3678,1.3678,3.876,USD
2026-05-27,obs-platform-logs,OBS,9.5082,9.5082,28.050,USD
2026-05-27,elb-legacy-001,ELB,2.9179,2.9179,8.364,USD
2026-05-27,ecs-ml-prod-01,ECS,15.9324,15.9324,46.920,USD
2026-05-27,cce-dev-node-01,CCE_NODE,11.8476,11.8476,33.660,USD
2026-05-27,ecs-unallocated-01,ECS,5.2576,5.2576,14.790,USD
2026-05-28,ecs-prod-web-01,ECS,21.4760,21.4760,63.240,USD
2026-05-28,ecs-prod-web-02,ECS,18.0200,17.7497,52.020,USD
2026-05-28,cce-prod-node-a,CCE_NODE,26.5939,26.1950,75.480,USD
2026-05-28,cce-prod-node-b,CCE_NODE,26.6725,26.2724,75.480,USD
2026-05-28,ecs-dev-sandbox-01,ECS,7.3430,7.3430,21.420,USD
2026-05-28,ecs-qa-legacy-01,ECS,6.7220,6.7220,18.870,USD
2026-05-28,rds-orders-prod,RDS,23.6727,23.6727,70.380,USD
2026-05-28,rds-analytics-prod,RDS,18.0504,17.7796,53.040,USD
2026-05-28,evs-orphan-001,EVS,3.4875,3.4875,9.792,USD
2026-05-28,eip-unbound-001,EIP,1.3299,1.3299,3.876,USD
2026-05-28,obs-platform-logs,OBS,9.5200,9.5200,28.050,USD
2026-05-28,elb-legacy-001,ELB,2.9265,2.9265,8.364,USD
2026-05-28,ecs-ml-prod-01,ECS,16.7869,16.7869,46.920,USD
2026-05-28,cce-dev-node-01,CCE_NODE,11.9133,11.9133,33.660,USD
2026-05-28,ecs-unallocated-01,ECS,5.0095,5.0095,14.790,USD
2026-05-29,ecs-prod-web-01,ECS,21.7420,21.7420,63.240,USD
2026-05-29,ecs-prod-web-02,ECS,17.8120,17.5448,52.020,USD
2026-05-29,cce-prod-node-a,CCE_NODE,25.6483,25.2635,75.480,USD
2026-05-29,cce-prod-node-b,CCE_NODE,25.9444,25.5552,75.480,USD
2026-05-29,ecs-dev-sandbox-01,ECS,7.1963,7.1963,21.420,USD
2026-05-29,ecs-qa-legacy-01,ECS,6.3021,6.3021,18.870,USD
2026-05-29,rds-orders-prod,RDS,24.9748,24.9748,70.380,USD
2026-05-29,rds-analytics-prod,RDS,18.7588,18.4775,53.040,USD
2026-05-29,evs-orphan-001,EVS,3.4583,3.4583,9.792,USD
2026-05-29,eip-unbound-001,EIP,1.3079,1.3079,3.876,USD
2026-05-29,obs-platform-logs,OBS,9.6997,9.6997,28.050,USD
2026-05-29,elb-legacy-001,ELB,2.8055,2.8055,8.364,USD
2026-05-29,ecs-ml-prod-01,ECS,15.9731,15.9731,46.920,USD
2026-05-29,cce-dev-node-01,CCE_NODE,11.8049,11.8049,33.660,USD
2026-05-29,ecs-unallocated-01,ECS,5.0445,5.0445,14.790,USD
2026-05-30,ecs-prod-web-01,ECS,20.8028,20.8028,58.900,USD
2026-05-30,ecs-prod-web-02,ECS,16.1814,15.9387,48.450,USD
2026-05-30,cce-prod-node-a,CCE_NODE,24.1356,23.7736,70.300,USD
2026-05-30,cce-prod-node-b,CCE_NODE,24.3332,23.9682,70.300,USD
2026-05-30,ecs-dev-sandbox-01,ECS,7.0614,7.0614,19.950,USD
2026-05-30,ecs-qa-legacy-01,ECS,6.1358,6.1358,17.575,USD
2026-05-30,rds-orders-prod,RDS,22.9553,22.9553,65.550,USD
2026-05-30,rds-analytics-prod,RDS,16.7541,16.5028,49.400,USD
2026-05-30,evs-orphan-001,EVS,3.1219,3.1219,9.120,USD
2026-05-30,eip-unbound-001,EIP,1.2510,1.2510,3.610,USD
2026-05-30,obs-platform-logs,OBS,8.8801,8.8801,26.125,USD
2026-05-30,elb-legacy-001,ELB,2.7658,2.7658,7.790,USD
2026-05-30,ecs-ml-prod-01,ECS,14.9448,14.9448,43.700,USD
2026-05-30,cce-dev-node-01,CCE_NODE,11.1082,11.1082,31.350,USD
2026-05-30,ecs-unallocated-01,ECS,4.7989,4.7989,13.775,USD
2026-05-31,ecs-prod-web-01,ECS,20.8047,20.8047,58.900,USD
2026-05-31,ecs-prod-web-02,ECS,16.2041,15.9610,48.450,USD
2026-05-31,cce-prod-node-a,CCE_NODE,23.4789,23.1267,70.300,USD
2026-05-31,cce-prod-node-b,CCE_NODE,24.7155,24.3448,70.300,USD
2026-05-31,ecs-dev-sandbox-01,ECS,6.9005,6.9005,19.950,USD
2026-05-31,ecs-qa-legacy-01,ECS,6.2457,6.2457,17.575,USD
2026-05-31,rds-orders-prod,RDS,22.9995,22.9995,65.550,USD
2026-05-31,rds-analytics-prod,RDS,17.1215,16.8647,49.400,USD
2026-05-31,evs-orphan-001,EVS,3.2587,3.2587,9.120,USD
2026-05-31,eip-unbound-001,EIP,1.2868,1.2868,3.610,USD
2026-05-31,obs-platform-logs,OBS,8.8048,8.8048,26.125,USD
2026-05-31,elb-legacy-001,ELB,2.6713,2.6713,7.790,USD
2026-05-31,ecs-ml-prod-01,ECS,15.2658,15.2658,43.700,USD
2026-05-31,cce-dev-node-01,CCE_NODE,10.9755,10.9755,31.350,USD
2026-05-31,ecs-unallocated-01,ECS,4.7799,4.7799,13.775,USD
2026-06-01,ecs-prod-web-01,ECS,22.7535,22.7535,63.240,USD
2026-06-01,ecs-prod-web-02,ECS,19.3763,19.0856,52.020,USD
2026-06-01,cce-prod-node-a,CCE_NODE,27.4564,27.0445,75.480,USD
2026-06-01,cce-prod-node-b,CCE_NODE,28.2745,27.8504,75.480,USD
2026-06-01,ecs-dev-sandbox-01,ECS,7.6294,7.6294,21.420,USD
2026-06-01,ecs-qa-legacy-01,ECS,6.6296,6.6296,18.870,USD
2026-06-01,rds-orders-prod,RDS,25.3403,25.3403,70.380,USD
2026-06-01,rds-analytics-prod,RDS,19.0082,18.7230,53.040,USD
2026-06-01,evs-orphan-001,EVS,3.5309,3.5309,9.792,USD
2026-06-01,eip-unbound-001,EIP,1.3798,1.3798,3.876,USD
2026-06-01,obs-platform-logs,OBS,10.5335,10.5335,28.050,USD
2026-06-01,elb-legacy-001,ELB,3.0357,3.0357,8.364,USD
2026-06-01,ecs-ml-prod-01,ECS,16.8454,16.8454,46.920,USD
2026-06-01,cce-dev-node-01,CCE_NODE,12.5834,12.5834,33.660,USD
2026-06-01,ecs-unallocated-01,ECS,5.3050,5.3050,14.790,USD
2026-06-02,ecs-prod-web-01,ECS,22.5988,22.5988,63.240,USD
2026-06-02,ecs-prod-web-02,ECS,18.5470,18.2688,52.020,USD
2026-06-02,cce-prod-node-a,CCE_NODE,27.4036,26.9926,75.480,USD
2026-06-02,cce-prod-node-b,CCE_NODE,26.4957,26.0982,75.480,USD
2026-06-02,ecs-dev-sandbox-01,ECS,7.8754,7.8754,21.420,USD
2026-06-02,ecs-qa-legacy-01,ECS,6.6501,6.6501,18.870,USD
2026-06-02,rds-orders-prod,RDS,26.0401,26.0401,70.380,USD
2026-06-02,rds-analytics-prod,RDS,18.7980,18.5160,53.040,USD
2026-06-02,evs-orphan-001,EVS,3.5166,3.5166,9.792,USD
2026-06-02,eip-unbound-001,EIP,1.4375,1.4375,3.876,USD
2026-06-02,obs-platform-logs,OBS,9.9916,9.9916,28.050,USD
2026-06-02,elb-legacy-001,ELB,2.9412,2.9412,8.364,USD
2026-06-02,ecs-ml-prod-01,ECS,16.6524,16.6524,46.920,USD
2026-06-02,cce-dev-node-01,CCE_NODE,12.6359,12.6359,33.660,USD
2026-06-02,ecs-unallocated-01,ECS,5.2775,5.2775,14.790,USD
2026-06-03,ecs-prod-web-01,ECS,23.3892,23.3892,63.240,USD
2026-06-03,ecs-prod-web-02,ECS,18.8928,18.6094,52.020,USD
2026-06-03,cce-prod-node-a,CCE_NODE,28.3439,27.9188,75.480,USD
2026-06-03,cce-prod-node-b,CCE_NODE,28.1409,27.7188,75.480,USD
2026-06-03,ecs-dev-sandbox-01,ECS,7.5578,7.5578,21.420,USD
2026-06-03,ecs-qa-legacy-01,ECS,6.8398,6.8398,18.870,USD
2026-06-03,rds-orders-prod,RDS,25.5016,25.5016,70.380,USD
2026-06-03,rds-analytics-prod,RDS,19.6299,19.3354,53.040,USD
2026-06-03,evs-orphan-001,EVS,3.5389,3.5389,9.792,USD
2026-06-03,eip-unbound-001,EIP,1.4097,1.4097,3.876,USD
2026-06-03,obs-platform-logs,OBS,10.1548,10.1548,28.050,USD
2026-06-03,elb-legacy-001,ELB,2.9443,2.9443,8.364,USD
2026-06-03,ecs-ml-prod-01,ECS,17.0480,17.0480,46.920,USD
2026-06-03,cce-dev-node-01,CCE_NODE,12.0017,12.0017,33.660,USD
2026-06-03,ecs-unallocated-01,ECS,5.3178,5.3178,14.790,USD
2026-06-04,ecs-prod-web-01,ECS,23.2734,23.2734,63.240,USD
2026-06-04,ecs-prod-web-02,ECS,19.4689,19.1768,52.020,USD
2026-06-04,cce-prod-node-a,CCE_NODE,27.8587,27.4408,75.480,USD
2026-06-04,cce-prod-node-b,CCE_NODE,27.4213,27.0100,75.480,USD
2026-06-04,ecs-dev-sandbox-01,ECS,7.7736,7.7736,21.420,USD
2026-06-04,ecs-qa-legacy-01,ECS,7.0920,7.0920,18.870,USD
2026-06-04,rds-orders-prod,RDS,24.7459,24.7459,70.380,USD
2026-06-04,rds-analytics-prod,RDS,18.7724,18.4908,53.040,USD
2026-06-04,evs-orphan-001,EVS,3.6552,3.6552,9.792,USD
2026-06-04,eip-unbound-001,EIP,1.4108,1.4108,3.876,USD
2026-06-04,obs-platform-logs,OBS,10.1936,10.1936,28.050,USD
2026-06-04,elb-legacy-001,ELB,3.0809,3.0809,8.364,USD
2026-06-04,ecs-ml-prod-01,ECS,17.4819,17.4819,46.920,USD
2026-06-04,cce-dev-node-01,CCE_NODE,12.5535,12.5535,33.660,USD
2026-06-04,ecs-unallocated-01,ECS,5.2018,5.2018,14.790,USD
2026-06-05,ecs-prod-web-01,ECS,23.4657,23.4657,63.240,USD
2026-06-05,ecs-prod-web-02,ECS,19.5319,19.2389,52.020,USD
2026-06-05,cce-prod-node-a,CCE_NODE,27.6182,27.2039,75.480,USD
2026-06-05,cce-prod-node-b,CCE_NODE,28.0794,27.6582,75.480,USD
2026-06-05,ecs-dev-sandbox-01,ECS,7.5936,7.5936,21.420,USD
2026-06-05,ecs-qa-legacy-01,ECS,6.6325,6.6325,18.870,USD
2026-06-05,rds-orders-prod,RDS,25.9969,25.9969,70.380,USD
2026-06-05,rds-analytics-prod,RDS,19.2886,18.9993,53.040,USD
2026-06-05,evs-orphan-001,EVS,3.6088,3.6088,9.792,USD
2026-06-05,eip-unbound-001,EIP,1.3844,1.3844,3.876,USD
2026-06-05,obs-platform-logs,OBS,10.5202,10.5202,28.050,USD
2026-06-05,elb-legacy-001,ELB,3.0068,3.0068,8.364,USD
2026-06-05,ecs-ml-prod-01,ECS,16.6933,16.6933,46.920,USD
2026-06-05,cce-dev-node-01,CCE_NODE,12.2665,12.2665,33.660,USD
2026-06-05,ecs-unallocated-01,ECS,5.4118,5.4118,14.790,USD
2026-06-06,ecs-prod-web-01,ECS,21.7313,21.7313,58.900,USD
2026-06-06,ecs-prod-web-02,ECS,17.2238,16.9654,48.450,USD
2026-06-06,cce-prod-node-a,CCE_NODE,25.7897,25.4028,70.300,USD
2026-06-06,cce-prod-node-b,CCE_NODE,24.8149,24.4427,70.300,USD
2026-06-06,ecs-dev-sandbox-01,ECS,7.0780,7.0780,19.950,USD
2026-06-06,ecs-qa-legacy-01,ECS,6.2420,6.2420,17.575,USD
2026-06-06,rds-orders-prod,RDS,24.5232,24.5232,65.550,USD
2026-06-06,rds-analytics-prod,RDS,18.3795,18.1038,49.400,USD
2026-06-06,evs-orphan-001,EVS,3.3488,3.3488,9.120,USD
2026-06-06,eip-unbound-001,EIP,1.3416,1.3416,3.610,USD
2026-06-06,obs-platform-logs,OBS,9.6308,9.6308,26.125,USD
2026-06-06,elb-legacy-001,ELB,2.7764,2.7764,7.790,USD
2026-06-06,ecs-ml-prod-01,ECS,15.5652,15.5652,43.700,USD
2026-06-06,cce-dev-node-01,CCE_NODE,11.6562,11.6562,31.350,USD
2026-06-06,ecs-unallocated-01,ECS,5.0682,5.0682,13.775,USD
2026-06-07,ecs-prod-web-01,ECS,21.3738,21.3738,58.900,USD
2026-06-07,ecs-prod-web-02,ECS,17.3255,17.0656,48.450,USD
2026-06-07,cce-prod-node-a,CCE_NODE,26.3676,25.9721,70.300,USD
2026-06-07,cce-prod-node-b,CCE_NODE,25.9480,25.5588,70.300,USD
2026-06-07,ecs-dev-sandbox-01,ECS,7.4156,7.4156,19.950,USD
2026-06-07,ecs-qa-legacy-01,ECS,6.1871,6.1871,17.575,USD
2026-06-07,rds-orders-prod,RDS,23.2936,23.2936,65.550,USD
2026-06-07,rds-analytics-prod,RDS,17.9516,17.6823,49.400,USD
2026-06-07,evs-orphan-001,EVS,3.2866,3.2866,9.120,USD
2026-06-07,eip-unbound-001,EIP,1.2827,1.2827,3.610,USD
2026-06-07,obs-platform-logs,OBS,9.7905,9.7905,26.125,USD
2026-06-07,elb-legacy-001,ELB,2.7808,2.7808,7.790,USD
2026-06-07,ecs-ml-prod-01,ECS,15.4054,15.4054,43.700,USD
2026-06-07,cce-dev-node-01,CCE_NODE,11.0908,11.0908,31.350,USD
2026-06-07,ecs-unallocated-01,ECS,5.0445,5.0445,13.775,USD
2026-06-08,ecs-prod-web-01,ECS,22.8436,22.8436,63.240,USD
2026-06-08,ecs-prod-web-02,ECS,18.8439,18.5612,52.020,USD
2026-06-08,cce-prod-node-a,CCE_NODE,27.3163,26.9066,75.480,USD
2026-06-08,cce-prod-node-b,CCE_NODE,27.9484,27.5292,75.480,USD
2026-06-08,ecs-dev-sandbox-01,ECS,7.5469,7.5469,21.420,USD
2026-06-08,ecs-qa-legacy-01,ECS,6.7143,6.7143,18.870,USD
2026-06-08,rds-orders-prod,RDS,25.6792,25.6792,70.380,USD
2026-06-08,rds-analytics-prod,RDS,19.3076,19.0180,53.040,USD
2026-06-08,evs-orphan-001,EVS,3.4900,3.4900,9.792,USD
2026-06-08,eip-unbound-001,EIP,1.4570,1.4570,3.876,USD
2026-06-08,obs-platform-logs,OBS,9.9122,9.9122,28.050,USD
2026-06-08,elb-legacy-001,ELB,3.1223,3.1223,8.364,USD
2026-06-08,ecs-ml-prod-01,ECS,16.6037,16.6037,46.920,USD
2026-06-08,cce-dev-node-01,CCE_NODE,12.0545,12.0545,33.660,USD
2026-06-08,ecs-unallocated-01,ECS,5.3054,5.3054,14.790,USD
2026-06-09,ecs-prod-web-01,ECS,22.5586,22.5586,63.240,USD
2026-06-09,ecs-prod-web-02,ECS,18.8992,18.6157,52.020,USD
2026-06-09,cce-prod-node-a,CCE_NODE,26.8400,26.4374,75.480,USD
2026-06-09,cce-prod-node-b,CCE_NODE,26.8943,26.4909,75.480,USD
2026-06-09,ecs-dev-sandbox-01,ECS,7.8461,7.8461,21.420,USD
2026-06-09,ecs-qa-legacy-01,ECS,6.6498,6.6498,18.870,USD
2026-06-09,rds-orders-prod,RDS,25.0727,25.0727,70.380,USD
2026-06-09,rds-analytics-prod,RDS,19.1421,18.8550,53.040,USD
2026-06-09,evs-orphan-001,EVS,3.6397,3.6397,9.792,USD
2026-06-09,eip-unbound-001,EIP,1.4153,1.4153,3.876,USD
2026-06-09,obs-platform-logs,OBS,10.2650,10.2650,28.050,USD
2026-06-09,elb-legacy-001,ELB,3.0760,3.0760,8.364,USD
2026-06-09,ecs-ml-prod-01,ECS,17.5783,17.5783,46.920,USD
2026-06-09,cce-dev-node-01,CCE_NODE,11.9685,11.9685,33.660,USD
2026-06-09,ecs-unallocated-01,ECS,5.5468,5.5468,14.790,USD
2026-06-10,ecs-prod-web-01,ECS,23.5666,23.5666,63.240,USD
2026-06-10,ecs-prod-web-02,ECS,19.4580,19.1661,52.020,USD
2026-06-10,cce-prod-node-a,CCE_NODE,26.4793,26.0821,75.480,USD
2026-06-10,cce-prod-node-b,CCE_NODE,28.3562,27.9309,75.480,USD
2026-06-10,ecs-dev-sandbox-01,ECS,7.7584,7.7584,21.420,USD
2026-06-10,ecs-qa-legacy-01,ECS,7.0120,7.0120,18.870,USD
2026-06-10,rds-orders-prod,RDS,25.2170,25.2170,70.380,USD
2026-06-10,rds-analytics-prod,RDS,19.4425,19.1509,53.040,USD
2026-06-10,evs-orphan-001,EVS,3.4937,3.4937,9.792,USD
2026-06-10,eip-unbound-001,EIP,1.3690,1.3690,3.876,USD
2026-06-10,obs-platform-logs,OBS,10.5029,10.5029,28.050,USD
2026-06-10,elb-legacy-001,ELB,2.9342,2.9342,8.364,USD
2026-06-10,ecs-ml-prod-01,ECS,17.1847,17.1847,46.920,USD
2026-06-10,cce-dev-node-01,CCE_NODE,12.2558,12.2558,33.660,USD
2026-06-10,ecs-unallocated-01,ECS,5.5407,5.5407,14.790,USD
2026-06-11,ecs-prod-web-01,ECS,22.2508,22.2508,63.240,USD
2026-06-11,ecs-prod-web-02,ECS,19.3592,19.0688,52.020,USD
2026-06-11,cce-prod-node-a,CCE_NODE,27.7701,27.3535,75.480,USD
2026-06-11,cce-prod-node-b,CCE_NODE,28.2544,27.8306,75.480,USD
2026-06-11,ecs-dev-sandbox-01,ECS,7.7287,7.7287,21.420,USD
2026-06-11,ecs-qa-legacy-01,ECS,7.0585,7.0585,18.870,USD
2026-06-11,rds-orders-prod,RDS,26.4216,26.4216,70.380,USD
2026-06-11,rds-analytics-prod,RDS,18.9681,18.6836,53.040,USD
2026-06-11,evs-orphan-001,EVS,3.5279,3.5279,9.792,USD
2026-06-11,eip-unbound-001,EIP,1.3917,1.3917,3.876,USD
2026-06-11,obs-platform-logs,OBS,9.9496,9.9496,28.050,USD
2026-06-11,elb-legacy-001,ELB,3.1029,3.1029,8.364,USD
2026-06-11,ecs-ml-prod-01,ECS,16.9408,16.9408,46.920,USD
2026-06-11,cce-dev-node-01,CCE_NODE,11.8867,11.8867,33.660,USD
2026-06-11,ecs-unallocated-01,ECS,5.2941,5.2941,14.790,USD
2026-06-12,ecs-prod-web-01,ECS,22.3853,22.3853,63.240,USD
2026-06-12,ecs-prod-web-02,ECS,18.4856,18.2083,52.020,USD
2026-06-12,cce-prod-node-a,CCE_NODE,26.8334,26.4309,75.480,USD
2026-06-12,cce-prod-node-b,CCE_NODE,27.9506,27.5313,75.480,USD
2026-06-12,ecs-dev-sandbox-01,ECS,7.8350,7.8350,21.420,USD
2026-06-12,ecs-qa-legacy-01,ECS,6.8547,6.8547,18.870,USD
2026-06-12,rds-orders-prod,RDS,24.9206,24.9206,70.380,USD
2026-06-12,rds-analytics-prod,RDS,19.8747,19.5766,53.040,USD
2026-06-12,evs-orphan-001,EVS,3.6045,3.6045,9.792,USD
2026-06-12,eip-unbound-001,EIP,1.4043,1.4043,3.876,USD
2026-06-12,obs-platform-logs,OBS,10.3686,10.3686,28.050,USD
2026-06-12,elb-legacy-001,ELB,3.1256,3.1256,8.364,USD
2026-06-12,ecs-ml-prod-01,ECS,17.1508,17.1508,46.920,USD
2026-06-12,cce-dev-node-01,CCE_NODE,11.9727,11.9727,33.660,USD
2026-06-12,ecs-unallocated-01,ECS,5.5528,5.5528,14.790,USD
2026-06-13,ecs-prod-web-01,ECS,20.7664,20.7664,58.900,USD
2026-06-13,ecs-prod-web-02,ECS,17.0444,16.7888,48.450,USD
2026-06-13,cce-prod-node-a,CCE_NODE,25.5508,25.1675,70.300,USD
2026-06-13,cce-prod-node-b,CCE_NODE,26.1047,25.7132,70.300,USD
2026-06-13,ecs-dev-sandbox-01,ECS,7.1903,7.1903,19.950,USD
2026-06-13,ecs-qa-legacy-01,ECS,6.6085,6.6085,17.575,USD
2026-06-13,rds-orders-prod,RDS,24.1524,24.1524,65.550,USD
2026-06-13,rds-analytics-prod,RDS,18.4208,18.1445,49.400,USD
2026-06-13,evs-orphan-001,EVS,3.2461,3.2461,9.120,USD
2026-06-13,eip-unbound-001,EIP,1.3092,1.3092,3.610,USD
2026-06-13,obs-platform-logs,OBS,9.1920,9.1920,26.125,USD
2026-06-13,elb-legacy-001,ELB,2.9022,2.9022,7.790,USD
2026-06-13,ecs-ml-prod-01,ECS,15.7238,15.7238,43.700,USD
2026-06-13,cce-dev-node-01,CCE_NODE,11.1522,11.1522,31.350,USD
2026-06-13,ecs-unallocated-01,ECS,4.9951,4.9951,13.775,USD
2026-06-14,ecs-prod-web-01,ECS,21.7935,21.7935,58.900,USD
2026-06-14,ecs-prod-web-02,ECS,17.9286,17.6597,48.450,USD
2026-06-14,cce-prod-node-a,CCE_NODE,25.5247,25.1418,70.300,USD
2026-06-14,cce-prod-node-b,CCE_NODE,25.2169,24.8386,70.300,USD
2026-06-14,ecs-dev-sandbox-01,ECS,7.3780,7.3780,19.950,USD
2026-06-14,ecs-qa-legacy-01,ECS,6.4176,6.4176,17.575,USD
2026-06-14,rds-orders-prod,RDS,24.5493,24.5493,65.550,USD
2026-06-14,rds-analytics-prod,RDS,17.9207,17.6519,49.400,USD
2026-06-14,evs-orphan-001,EVS,3.3223,3.3223,9.120,USD
2026-06-14,eip-unbound-001,EIP,1.3167,1.3167,3.610,USD
2026-06-14,obs-platform-logs,OBS,9.7334,9.7334,26.125,USD
2026-06-14,elb-legacy-001,ELB,2.7434,2.7434,7.790,USD
2026-06-14,ecs-ml-prod-01,ECS,15.7888,15.7888,43.700,USD
2026-06-14,cce-dev-node-01,CCE_NODE,11.5600,11.5600,31.350,USD
2026-06-14,ecs-unallocated-01,ECS,4.9301,4.9301,13.775,USD
2026-06-15,ecs-prod-web-01,ECS,22.3230,22.3230,63.240,USD
2026-06-15,ecs-prod-web-02,ECS,18.5116,18.2340,52.020,USD
2026-06-15,cce-prod-node-a,CCE_NODE,26.6529,26.2531,75.480,USD
2026-06-15,cce-prod-node-b,CCE_NODE,27.8886,27.4703,75.480,USD
2026-06-15,ecs-dev-sandbox-01,ECS,7.8288,7.8288,21.420,USD
2026-06-15,ecs-qa-legacy-01,ECS,6.7230,6.7230,18.870,USD
2026-06-15,rds-orders-prod,RDS,25.8656,25.8656,70.380,USD
2026-06-15,rds-analytics-prod,RDS,19.4247,19.1333,53.040,USD
2026-06-15,evs-orphan-001,EVS,3.4968,3.4968,9.792,USD
2026-06-15,eip-unbound-001,EIP,1.3626,1.3626,3.876,USD
2026-06-15,obs-platform-logs,OBS,9.9930,9.9930,28.050,USD
2026-06-15,elb-legacy-001,ELB,3.0171,3.0171,8.364,USD
2026-06-15,ecs-ml-prod-01,ECS,17.1567,17.1567,46.920,USD
2026-06-15,cce-dev-node-01,CCE_NODE,12.6352,12.6352,33.660,USD
2026-06-15,ecs-unallocated-01,ECS,5.1858,5.1858,14.790,USD
2026-06-16,ecs-prod-web-01,ECS,23.7441,23.7441,63.240,USD
2026-06-16,ecs-prod-web-02,ECS,18.4770,18.1999,52.020,USD
2026-06-16,cce-prod-node-a,CCE_NODE,26.9091,26.5055,75.480,USD
2026-06-16,cce-prod-node-b,CCE_NODE,28.2875,27.8632,75.480,USD
2026-06-16,ecs-dev-sandbox-01,ECS,7.7305,7.7305,21.420,USD
2026-06-16,ecs-qa-legacy-01,ECS,6.7747,6.7747,18.870,USD
2026-06-16,rds-orders-prod,RDS,26.2495,26.2495,70.380,USD
2026-06-16,rds-analytics-prod,RDS,18.6683,18.3883,53.040,USD
2026-06-16,evs-orphan-001,EVS,3.6543,3.6543,9.792,USD
2026-06-16,eip-unbound-001,EIP,1.3749,1.3749,3.876,USD
2026-06-16,obs-platform-logs,OBS,10.2085,10.2085,28.050,USD
2026-06-16,elb-legacy-001,ELB,3.0698,3.0698,8.364,USD
2026-06-16,ecs-ml-prod-01,ECS,17.4087,17.4087,46.920,USD
2026-06-16,cce-dev-node-01,CCE_NODE,12.5127,12.5127,33.660,USD
2026-06-16,ecs-unallocated-01,ECS,5.2632,5.2632,14.790,USD
2026-06-17,ecs-prod-web-01,ECS,22.5590,22.5590,63.240,USD
2026-06-17,ecs-prod-web-02,ECS,19.3804,19.0897,52.020,USD
2026-06-17,cce-prod-node-a,CCE_NODE,26.6092,26.2100,75.480,USD
2026-06-17,cce-prod-node-b,CCE_NODE,26.5079,26.1103,75.480,USD
2026-06-17,ecs-dev-sandbox-01,ECS,7.6721,7.6721,21.420,USD
2026-06-17,ecs-qa-legacy-01,ECS,6.6775,6.6775,18.870,USD
2026-06-17,rds-orders-prod,RDS,26.2968,26.2968,70.380,USD
2026-06-17,rds-analytics-prod,RDS,19.4991,19.2066,53.040,USD
2026-06-17,evs-orphan-001,EVS,3.4397,3.4397,9.792,USD
2026-06-17,eip-unbound-001,EIP,1.3953,1.3953,3.876,USD
2026-06-17,obs-platform-logs,OBS,10.0256,10.0256,28.050,USD
2026-06-17,elb-legacy-001,ELB,3.0919,3.0919,8.364,USD
2026-06-17,ecs-ml-prod-01,ECS,17.5050,17.5050,46.920,USD
2026-06-17,cce-dev-node-01,CCE_NODE,12.0766,12.0766,33.660,USD
2026-06-17,ecs-unallocated-01,ECS,5.2463,5.2463,14.790,USD
2026-06-18,ecs-prod-web-01,ECS,23.4136,23.4136,63.240,USD
2026-06-18,ecs-prod-web-02,ECS,18.4760,18.1989,52.020,USD
2026-06-18,cce-prod-node-a,CCE_NODE,26.8311,26.4287,75.480,USD
2026-06-18,cce-prod-node-b,CCE_NODE,27.9956,27.5756,75.480,USD
2026-06-18,ecs-dev-sandbox-01,ECS,7.5750,7.5750,21.420,USD
2026-06-18,ecs-qa-legacy-01,ECS,6.7234,6.7234,18.870,USD
2026-06-18,rds-orders-prod,RDS,26.4538,26.4538,70.380,USD
2026-06-18,rds-analytics-prod,RDS,19.4803,19.1881,53.040,USD
2026-06-18,evs-orphan-001,EVS,3.6354,3.6354,9.792,USD
2026-06-18,eip-unbound-001,EIP,1.3976,1.3976,3.876,USD
2026-06-18,obs-platform-logs,OBS,9.9814,9.9814,28.050,USD
2026-06-18,elb-legacy-001,ELB,3.0809,3.0809,8.364,USD
2026-06-18,ecs-ml-prod-01,ECS,17.3970,17.3970,46.920,USD
2026-06-18,cce-dev-node-01,CCE_NODE,12.1794,12.1794,33.660,USD
2026-06-18,ecs-unallocated-01,ECS,5.2059,5.2059,14.790,USD
2026-06-19,ecs-prod-web-01,ECS,23.0604,23.0604,63.240,USD
2026-06-19,ecs-prod-web-02,ECS,18.4735,18.1964,52.020,USD
2026-06-19,cce-prod-node-a,CCE_NODE,27.6840,27.2687,75.480,USD
2026-06-19,cce-prod-node-b,CCE_NODE,26.6239,26.2245,75.480,USD
2026-06-19,ecs-dev-sandbox-01,ECS,7.8509,7.8509,21.420,USD
2026-06-19,ecs-qa-legacy-01,ECS,6.8539,6.8539,18.870,USD
2026-06-19,rds-orders-prod,RDS,26.3889,26.3889,70.380,USD
2026-06-19,rds-analytics-prod,RDS,18.6613,18.3814,53.040,USD
2026-06-19,evs-orphan-001,EVS,3.6131,3.6131,9.792,USD
2026-06-19,eip-unbound-001,EIP,1.4568,1.4568,3.876,USD
2026-06-19,obs-platform-logs,OBS,10.4775,10.4775,28.050,USD
2026-06-19,elb-legacy-001,ELB,3.1157,3.1157,8.364,USD
2026-06-19,ecs-ml-prod-01,ECS,16.6753,16.6753,46.920,USD
2026-06-19,cce-dev-node-01,CCE_NODE,12.2296,12.2296,33.660,USD
2026-06-19,ecs-unallocated-01,ECS,5.4739,5.4739,14.790,USD
2026-06-20,ecs-prod-web-01,ECS,22.0659,22.0659,58.900,USD
2026-06-20,ecs-prod-web-02,ECS,18.0298,17.7593,48.450,USD
2026-06-20,cce-prod-node-a,CCE_NODE,25.2852,24.9059,70.300,USD
2026-06-20,cce-prod-node-b,CCE_NODE,24.8400,24.4674,70.300,USD
2026-06-20,ecs-dev-sandbox-01,ECS,7.1342,7.1342,19.950,USD
2026-06-20,ecs-qa-legacy-01,ECS,6.4283,6.4283,17.575,USD
2026-06-20,rds-orders-prod,RDS,23.9256,23.9256,65.550,USD
2026-06-20,rds-analytics-prod,RDS,17.9324,17.6634,49.400,USD
2026-06-20,evs-orphan-001,EVS,3.3987,3.3987,9.120,USD
2026-06-20,eip-unbound-001,EIP,1.2761,1.2761,3.610,USD
2026-06-20,obs-platform-logs,OBS,9.6199,9.6199,26.125,USD
2026-06-20,elb-legacy-001,ELB,2.8672,2.8672,7.790,USD
2026-06-20,ecs-ml-prod-01,ECS,16.0205,16.0205,43.700,USD
2026-06-20,cce-dev-node-01,CCE_NODE,11.3587,11.3587,31.350,USD
2026-06-20,ecs-unallocated-01,ECS,5.1786,5.1786,13.775,USD
2026-06-21,ecs-prod-web-01,ECS,21.9018,21.9018,58.900,USD
2026-06-21,ecs-prod-web-02,ECS,17.8023,17.5352,48.450,USD
2026-06-21,cce-prod-node-a,CCE_NODE,24.9256,24.5517,70.300,USD
2026-06-21,cce-prod-node-b,CCE_NODE,25.9889,25.5991,70.300,USD
2026-06-21,ecs-dev-sandbox-01,ECS,7.0362,7.0362,19.950,USD
2026-06-21,ecs-qa-legacy-01,ECS,6.1714,6.1714,17.575,USD
2026-06-21,rds-orders-prod,RDS,23.2426,23.2426,65.550,USD
2026-06-21,rds-analytics-prod,RDS,18.3782,18.1026,49.400,USD
2026-06-21,evs-orphan-001,EVS,3.3327,3.3327,9.120,USD
2026-06-21,eip-unbound-001,EIP,1.3343,1.3343,3.610,USD
2026-06-21,obs-platform-logs,OBS,9.3222,9.3222,26.125,USD
2026-06-21,elb-legacy-001,ELB,2.9045,2.9045,7.790,USD
2026-06-21,ecs-ml-prod-01,ECS,32.9920,32.9920,43.700,USD
2026-06-21,cce-dev-node-01,CCE_NODE,11.7319,11.7319,31.350,USD
2026-06-21,ecs-unallocated-01,ECS,5.1722,5.1722,13.775,USD
2026-06-22,ecs-prod-web-01,ECS,22.9785,22.9785,63.240,USD
2026-06-22,ecs-prod-web-02,ECS,18.3771,18.1014,52.020,USD
2026-06-22,cce-prod-node-a,CCE_NODE,27.7785,27.3618,75.480,USD
2026-06-22,cce-prod-node-b,CCE_NODE,26.5758,26.1772,75.480,USD
2026-06-22,ecs-dev-sandbox-01,ECS,7.9237,7.9237,21.420,USD
2026-06-22,ecs-qa-legacy-01,ECS,7.0076,7.0076,18.870,USD
2026-06-22,rds-orders-prod,RDS,24.7836,24.7836,70.380,USD
2026-06-22,rds-analytics-prod,RDS,19.0499,18.7642,53.040,USD
2026-06-22,evs-orphan-001,EVS,3.5403,3.5403,9.792,USD
2026-06-22,eip-unbound-001,EIP,1.4062,1.4062,3.876,USD
2026-06-22,obs-platform-logs,OBS,10.3663,10.3663,28.050,USD
2026-06-22,elb-legacy-001,ELB,3.1206,3.1206,8.364,USD
2026-06-22,ecs-ml-prod-01,ECS,17.0104,17.0104,46.920,USD
2026-06-22,cce-dev-node-01,CCE_NODE,12.5395,12.5395,33.660,USD
2026-06-22,ecs-unallocated-01,ECS,5.3515,5.3515,14.790,USD
2026-06-23,ecs-prod-web-01,ECS,23.1983,23.1983,63.240,USD
2026-06-23,ecs-prod-web-02,ECS,19.1742,18.8866,52.020,USD
2026-06-23,cce-prod-node-a,CCE_NODE,26.8936,26.4902,75.480,USD
2026-06-23,cce-prod-node-b,CCE_NODE,27.1093,26.7027,75.480,USD
2026-06-23,ecs-dev-sandbox-01,ECS,7.6964,7.6964,21.420,USD
2026-06-23,ecs-qa-legacy-01,ECS,6.9107,6.9107,18.870,USD
2026-06-23,rds-orders-prod,RDS,24.9051,24.9051,70.380,USD
2026-06-23,rds-analytics-prod,RDS,19.9111,19.6124,53.040,USD
2026-06-23,evs-orphan-001,EVS,3.5605,3.5605,9.792,USD
2026-06-23,eip-unbound-001,EIP,1.4229,1.4229,3.876,USD
2026-06-23,obs-platform-logs,OBS,10.3975,10.3975,28.050,USD
2026-06-23,elb-legacy-001,ELB,3.0475,3.0475,8.364,USD
2026-06-23,ecs-ml-prod-01,ECS,16.8509,16.8509,46.920,USD
2026-06-23,cce-dev-node-01,CCE_NODE,12.1232,12.1232,33.660,USD
2026-06-23,ecs-unallocated-01,ECS,5.3597,5.3597,14.790,USD
2026-06-24,ecs-prod-web-01,ECS,23.4073,23.4073,63.240,USD
2026-06-24,ecs-prod-web-02,ECS,19.3067,19.0171,52.020,USD
2026-06-24,cce-prod-node-a,CCE_NODE,28.1684,27.7459,75.480,USD
2026-06-24,cce-prod-node-b,CCE_NODE,27.3399,26.9298,75.480,USD
2026-06-24,ecs-dev-sandbox-01,ECS,7.8641,7.8641,21.420,USD
2026-06-24,ecs-qa-legacy-01,ECS,6.7030,6.7030,18.870,USD
2026-06-24,rds-orders-prod,RDS,25.2203,25.2203,70.380,USD
2026-06-24,rds-analytics-prod,RDS,19.6547,19.3599,53.040,USD
2026-06-24,evs-orphan-001,EVS,3.6465,3.6465,9.792,USD
2026-06-24,eip-unbound-001,EIP,1.4342,1.4342,3.876,USD
2026-06-24,obs-platform-logs,OBS,10.0521,10.0521,28.050,USD
2026-06-24,elb-legacy-001,ELB,3.0024,3.0024,8.364,USD
2026-06-24,ecs-ml-prod-01,ECS,17.4728,17.4728,46.920,USD
2026-06-24,cce-dev-node-01,CCE_NODE,12.1321,12.1321,33.660,USD
2026-06-24,ecs-unallocated-01,ECS,5.2364,5.2364,14.790,USD
2026-06-25,ecs-prod-web-01,ECS,23.1289,23.1289,63.240,USD
2026-06-25,ecs-prod-web-02,ECS,18.8000,18.5180,52.020,USD
2026-06-25,cce-prod-node-a,CCE_NODE,26.6042,26.2052,75.480,USD
2026-06-25,cce-prod-node-b,CCE_NODE,26.9067,26.5031,75.480,USD
2026-06-25,ecs-dev-sandbox-01,ECS,7.6109,7.6109,21.420,USD
2026-06-25,ecs-qa-legacy-01,ECS,6.8649,6.8649,18.870,USD
2026-06-25,rds-orders-prod,RDS,26.2948,26.2948,70.380,USD
2026-06-25,rds-analytics-prod,RDS,18.6814,18.4012,53.040,USD
2026-06-25,evs-orphan-001,EVS,3.6797,3.6797,9.792,USD
2026-06-25,eip-unbound-001,EIP,1.3714,1.3714,3.876,USD
2026-06-25,obs-platform-logs,OBS,9.9258,9.9258,28.050,USD
2026-06-25,elb-legacy-001,ELB,3.1302,3.1302,8.364,USD
2026-06-25,ecs-ml-prod-01,ECS,16.7254,16.7254,46.920,USD
2026-06-25,cce-dev-node-01,CCE_NODE,12.2471,12.2471,33.660,USD
2026-06-25,ecs-unallocated-01,ECS,5.3370,5.3370,14.790,USD
2026-06-26,ecs-prod-web-01,ECS,22.3848,22.3848,63.240,USD
2026-06-26,ecs-prod-web-02,ECS,19.4654,19.1734,52.020,USD
2026-06-26,cce-prod-node-a,CCE_NODE,27.0908,26.6844,75.480,USD
2026-06-26,cce-prod-node-b,CCE_NODE,27.2306,26.8221,75.480,USD
2026-06-26,ecs-dev-sandbox-01,ECS,7.8791,7.8791,21.420,USD
2026-06-26,ecs-qa-legacy-01,ECS,6.9573,6.9573,18.870,USD
2026-06-26,rds-orders-prod,RDS,24.9833,24.9833,70.380,USD
2026-06-26,rds-analytics-prod,RDS,19.2408,18.9521,53.040,USD
2026-06-26,evs-orphan-001,EVS,3.6195,3.6195,9.792,USD
2026-06-26,eip-unbound-001,EIP,1.3766,1.3766,3.876,USD
2026-06-26,obs-platform-logs,OBS,10.1789,10.1789,28.050,USD
2026-06-26,elb-legacy-001,ELB,3.0194,3.0194,8.364,USD
2026-06-26,ecs-ml-prod-01,ECS,17.2482,17.2482,46.920,USD
2026-06-26,cce-dev-node-01,CCE_NODE,12.4872,12.4872,33.660,USD
2026-06-26,ecs-unallocated-01,ECS,5.4608,5.4608,14.790,USD
2026-06-27,ecs-prod-web-01,ECS,21.1009,21.1009,58.900,USD
2026-06-27,ecs-prod-web-02,ECS,18.1739,17.9013,48.450,USD
2026-06-27,cce-prod-node-a,CCE_NODE,26.1225,25.7307,70.300,USD
2026-06-27,cce-prod-node-b,CCE_NODE,26.2620,25.8680,70.300,USD
2026-06-27,ecs-dev-sandbox-01,ECS,7.1121,7.1121,19.950,USD
2026-06-27,ecs-qa-legacy-01,ECS,6.5659,6.5659,17.575,USD
2026-06-27,rds-orders-prod,RDS,23.0836,23.0836,65.550,USD
2026-06-27,rds-analytics-prod,RDS,18.1925,17.9196,49.400,USD
2026-06-27,evs-orphan-001,EVS,3.3896,3.3896,9.120,USD
2026-06-27,eip-unbound-001,EIP,1.3383,1.3383,3.610,USD
2026-06-27,obs-platform-logs,OBS,9.8030,9.8030,26.125,USD
2026-06-27,elb-legacy-001,ELB,2.9000,2.9000,7.790,USD
2026-06-27,ecs-ml-prod-01,ECS,15.5887,15.5887,43.700,USD
2026-06-27,cce-dev-node-01,CCE_NODE,11.4027,11.4027,31.350,USD
2026-06-27,ecs-unallocated-01,ECS,4.9987,4.9987,13.775,USD
2026-06-28,ecs-prod-web-01,ECS,20.7138,20.7138,58.900,USD
2026-06-28,ecs-prod-web-02,ECS,17.2740,17.0148,48.450,USD
2026-06-28,cce-prod-node-a,CCE_NODE,25.8379,25.4503,70.300,USD
2026-06-28,cce-prod-node-b,CCE_NODE,26.2357,25.8422,70.300,USD
2026-06-28,ecs-dev-sandbox-01,ECS,7.1162,7.1162,19.950,USD
2026-06-28,ecs-qa-legacy-01,ECS,6.5180,6.5180,17.575,USD
2026-06-28,rds-orders-prod,RDS,23.4059,23.4059,65.550,USD
2026-06-28,rds-analytics-prod,RDS,18.0740,17.8029,49.400,USD
2026-06-28,evs-orphan-001,EVS,3.3455,3.3455,9.120,USD
2026-06-28,eip-unbound-001,EIP,1.3489,1.3489,3.610,USD
2026-06-28,obs-platform-logs,OBS,9.3591,9.3591,26.125,USD
2026-06-28,elb-legacy-001,ELB,2.7781,2.7781,7.790,USD
2026-06-28,ecs-ml-prod-01,ECS,15.4946,15.4946,43.700,USD
2026-06-28,cce-dev-node-01,CCE_NODE,11.0025,11.0025,31.350,USD
2026-06-28,ecs-unallocated-01,ECS,4.9928,4.9928,13.775,USD
2026-06-29,ecs-prod-web-01,ECS,22.4502,22.4502,63.240,USD
2026-06-29,ecs-prod-web-02,ECS,18.6495,18.3697,52.020,USD
2026-06-29,cce-prod-node-a,CCE_NODE,27.0139,26.6087,75.480,USD
2026-06-29,cce-prod-node-b,CCE_NODE,27.8549,27.4371,75.480,USD
2026-06-29,ecs-dev-sandbox-01,ECS,7.8508,7.8508,21.420,USD
2026-06-29,ecs-qa-legacy-01,ECS,6.8269,6.8269,18.870,USD
2026-06-29,rds-orders-prod,RDS,25.2944,25.2944,70.380,USD
2026-06-29,rds-analytics-prod,RDS,19.9126,19.6139,53.040,USD
2026-06-29,evs-orphan-001,EVS,3.5377,3.5377,9.792,USD
2026-06-29,eip-unbound-001,EIP,1.4449,1.4449,3.876,USD
2026-06-29,obs-platform-logs,OBS,10.1498,10.1498,28.050,USD
2026-06-29,elb-legacy-001,ELB,3.1339,3.1339,8.364,USD
2026-06-29,ecs-ml-prod-01,ECS,17.0531,17.0531,46.920,USD
2026-06-29,cce-dev-node-01,CCE_NODE,12.1131,12.1131,33.660,USD
2026-06-29,ecs-unallocated-01,ECS,5.4740,5.4740,14.790,USD
2026-06-30,ecs-prod-web-01,ECS,22.2399,22.2399,63.240,USD
2026-06-30,ecs-prod-web-02,ECS,18.4770,18.1999,52.020,USD
2026-06-30,cce-prod-node-a,CCE_NODE,27.4615,27.0496,75.480,USD
2026-06-30,cce-prod-node-b,CCE_NODE,26.7333,26.3323,75.480,USD
2026-06-30,ecs-dev-sandbox-01,ECS,7.5199,7.5199,21.420,USD
2026-06-30,ecs-qa-legacy-01,ECS,7.0364,7.0364,18.870,USD
2026-06-30,rds-orders-prod,RDS,26.1146,26.1146,70.380,USD
2026-06-30,rds-analytics-prod,RDS,19.4696,19.1776,53.040,USD
2026-06-30,evs-orphan-001,EVS,3.5077,3.5077,9.792,USD
2026-06-30,eip-unbound-001,EIP,1.3931,1.3931,3.876,USD
2026-06-30,obs-platform-logs,OBS,10.0209,10.0209,28.050,USD
2026-06-30,elb-legacy-001,ELB,2.9640,2.9640,8.364,USD
2026-06-30,ecs-ml-prod-01,ECS,17.2648,17.2648,46.920,USD
2026-06-30,cce-dev-node-01,CCE_NODE,12.4720,12.4720,33.660,USD
2026-06-30,ecs-unallocated-01,ECS,5.2655,5.2655,14.790,USD
